,chembl_id,smiles,rdkitmol,MACCS_fps,MACCS_ts,Morgan_fps,Morgan_ts,ShapeSimilarity,molecular_weight,n_hba,n_hbd,logp,TPSA,ro5_fulfilled
2,CHEMBL228561, COc1c(OC)c(OC)c(cc1)C1=Cc2ccccc2C1,<rdkit.Chem.rdchem.Mol object at 0x12c90eab0>,<rdkit.DataStructs.cDataStructs.ExplicitBitVect object at 0x12c91e1f0>,0.2,<rdkit.DataStructs.cDataStructs.ExplicitBitVect object at 0x12df68040>,0.07692307692307693,0.5665191173861931,282.125594436,3,0,3.8091000000000026,27.69,True
3,CHEMBL2043045, COc1c(OCCN2CCCCC2)cc2c(C/C(=C/c3ccccc3)/C2=O)c1,<rdkit.Chem.rdchem.Mol object at 0x12c90eb20>,<rdkit.DataStructs.cDataStructs.ExplicitBitVect object at 0x12c91e260>,0.4111111111111111,<rdkit.DataStructs.cDataStructs.ExplicitBitVect object at 0x12df68120>,0.14606741573033707,0.3878599480100745,377.199093724,4,0,4.382300000000004,38.77,True
4,CHEMBL185799, COc1c(OC)cc2C(=O)C(=Cc2c1)C1CC[N+](C)(Cc2ccccc2)CC1,<rdkit.Chem.rdchem.Mol object at 0x12c90eb90>,<rdkit.DataStructs.cDataStructs.ExplicitBitVect object at 0x12c91e2d0>,0.41935483870967744,<rdkit.DataStructs.cDataStructs.ExplicitBitVect object at 0x12df68200>,0.1411764705882353,0.39698733555026844,378.20637017609,3,0,4.3403000000000045,35.53,True
7,CHEMBL1774527, COc1ccc(cc1)C1=C(CCNC(=O)C)c2c3CCOc3ccc2C1,<rdkit.Chem.rdchem.Mol object at 0x12c90ece0>,<rdkit.DataStructs.cDataStructs.ExplicitBitVect object at 0x12c91e420>,0.43956043956043955,<rdkit.DataStructs.cDataStructs.ExplicitBitVect object at 0x12df684a0>,0.09574468085106383,0.4282630477522945,349.167793596,3,1,3.6232000000000024,47.56,True
8,CHEMBL87287, O[C@@H]1CCCC[C@H]1N1CCC2(CC1)C=Cc1c2cccc1,<rdkit.Chem.rdchem.Mol object at 0x12c90ed50>,<rdkit.DataStructs.cDataStructs.ExplicitBitVect object at 0x12c91e490>,0.3977272727272727,<rdkit.DataStructs.cDataStructs.ExplicitBitVect object at 0x12df68580>,0.060240963855421686,0.4525176479436105,283.19361442,2,1,3.350500000000002,23.47,True
9,CHEMBL1774526, COc1cccc(c1)C1=C(CCNC(=O)C)c2c3CCOc3ccc2C1,<rdkit.Chem.rdchem.Mol object at 0x12c90edc0>,<rdkit.DataStructs.cDataStructs.ExplicitBitVect object at 0x12c91e500>,0.43956043956043955,<rdkit.DataStructs.cDataStructs.ExplicitBitVect object at 0x12df68660>,0.10309278350515463,0.28983281603694944,349.167793596,3,1,3.6232000000000024,47.56,True
10,CHEMBL1774522, CC(=O)NCCC1=C(Cc2ccc3OCCc3c12)c1ccccc1,<rdkit.Chem.rdchem.Mol object at 0x12c90ee30>,<rdkit.DataStructs.cDataStructs.ExplicitBitVect object at 0x12c91e570>,0.37362637362637363,<rdkit.DataStructs.cDataStructs.ExplicitBitVect object at 0x12df68740>,0.07608695652173914,0.5097055168689963,319.15722891200005,2,1,3.614600000000003,38.33,True
13,CHEMBL1774518, CC(=O)NCCC1=C(Cc2ccccc2)Cc2ccc3OCCc3c12,<rdkit.Chem.rdchem.Mol object at 0x12c90ef80>,<rdkit.DataStructs.cDataStructs.ExplicitBitVect object at 0x12c91e6c0>,0.37777777777777777,<rdkit.DataStructs.cDataStructs.ExplicitBitVect object at 0x12df689e0>,0.07526881720430108,0.5619605309217403,333.172878976,2,1,3.7001000000000026,38.33,True
14,CHEMBL1774529, CC(C)c1cccc(c1)C1=C(CCNC(=O)C)c2c3CCOc3ccc2C1,<rdkit.Chem.rdchem.Mol object at 0x12c90eff0>,<rdkit.DataStructs.cDataStructs.ExplicitBitVect object at 0x12c91e730>,0.3763440860215054,<rdkit.DataStructs.cDataStructs.ExplicitBitVect object at 0x12df68ac0>,0.08080808080808081,0.4311231425134544,361.204179104,2,1,4.738000000000004,38.33,True
15,CHEMBL1774530, CC(=O)NCCC1=C(Cc2c1c1c(OCC1)cc2)c1ccc(cc1)C(C)(C)C,<rdkit.Chem.rdchem.Mol object at 0x12c90f060>,<rdkit.DataStructs.cDataStructs.ExplicitBitVect object at 0x12c91e7a0>,0.3829787234042553,<rdkit.DataStructs.cDataStructs.ExplicitBitVect object at 0x12df68ba0>,0.07291666666666667,0.4582024704151486,375.21982916800005,2,1,4.912100000000005,38.33,True
16,CHEMBL1774513, CC(C)C1=C(CCNC(=O)C)c2c(C1)ccc1c2CCO1,<rdkit.Chem.rdchem.Mol object at 0x12c90f0d0>,<rdkit.DataStructs.cDataStructs.ExplicitBitVect object at 0x12c91e810>,0.3888888888888889,<rdkit.DataStructs.cDataStructs.ExplicitBitVect object at 0x12df68c80>,0.0898876404494382,0.47936519696863394,285.172878976,2,1,3.113400000000002,38.33,True
17,CHEMBL376583, COc1c(cccc1)C1=Cc2c(C1)cccc2,<rdkit.Chem.rdchem.Mol object at 0x12c90f140>,<rdkit.DataStructs.cDataStructs.ExplicitBitVect object at 0x12c91e880>,0.1724137931034483,<rdkit.DataStructs.cDataStructs.ExplicitBitVect object at 0x12df68d60>,0.08108108108108109,0.5277508989188171,222.104465068,1,0,3.7919000000000027,9.23,True
19,CHEMBL1774514, CCC(=O)NCCC1=C(Cc2ccc3OCCc3c12)C(C)C,<rdkit.Chem.rdchem.Mol object at 0x12c90f220>,<rdkit.DataStructs.cDataStructs.ExplicitBitVect object at 0x12c91e960>,0.4,<rdkit.DataStructs.cDataStructs.ExplicitBitVect object at 0x12df68f20>,0.1,0.4753817555877766,299.18852904000005,2,1,3.5035000000000025,38.33,True
20,CHEMBL1078250, COc1ccc(cc1)C(=O)C1=C(O)c2cc(OC)c(OC)cc2C1,<rdkit.Chem.rdchem.Mol object at 0x12c90f290>,<rdkit.DataStructs.cDataStructs.ExplicitBitVect object at 0x12c91e9d0>,0.21739130434782608,<rdkit.DataStructs.cDataStructs.ExplicitBitVect object at 0x12df69000>,0.11392405063291139,0.5807488138408212,326.115423676,5,1,3.4205000000000014,64.99000000000001,True
22,CHEMBL1774512, CC(=O)NCCC1=CCc2ccc3OCCc3c12,<rdkit.Chem.rdchem.Mol object at 0x12c90f370>,<rdkit.DataStructs.cDataStructs.ExplicitBitVect object at 0x12c91eab0>,0.375,<rdkit.DataStructs.cDataStructs.ExplicitBitVect object at 0x12df691c0>,0.08139534883720931,0.5941174730326713,243.125928784,2,1,2.0872,38.33,True
23,CHEMBL1774515, CC(C)C1=C(CCNC(=O)C2CC2)c2c3CCOc3ccc2C1,<rdkit.Chem.rdchem.Mol object at 0x12c90f3e0>,<rdkit.DataStructs.cDataStructs.ExplicitBitVect object at 0x12c91eb20>,0.3956043956043956,<rdkit.DataStructs.cDataStructs.ExplicitBitVect object at 0x12df692a0>,0.09782608695652174,0.5135847307004139,311.18852904000005,2,1,3.5035000000000025,38.33,True
25,CHEMBL1078258, COc1ccc(cc1OC)C(=O)C1=C(O)c2cc(OC)c(OC)cc2C1,<rdkit.Chem.rdchem.Mol object at 0x12c90f4c0>,<rdkit.DataStructs.cDataStructs.ExplicitBitVect object at 0x12c91ec00>,0.21739130434782608,<rdkit.DataStructs.cDataStructs.ExplicitBitVect object at 0x12df69460>,0.11538461538461539,0.561244587130859,356.12598836,6,1,3.429100000000002,74.22000000000001,True
26,CHEMBL1774525, COc1c(cccc1)C1=C(CCNC(=O)C)c2c3CCOc3ccc2C1,<rdkit.Chem.rdchem.Mol object at 0x12c90f530>,<rdkit.DataStructs.cDataStructs.ExplicitBitVect object at 0x12c91ec70>,0.43956043956043955,<rdkit.DataStructs.cDataStructs.ExplicitBitVect object at 0x12df69540>,0.09375,0.28065386149895266,349.167793596,3,1,3.6232000000000024,47.56,True
27,CHEMBL1774519, CC(=O)NCCC1=C(CC2CCCCC2)Cc2ccc3OCCc3c12,<rdkit.Chem.rdchem.Mol object at 0x12c90f5a0>,<rdkit.DataStructs.cDataStructs.ExplicitBitVect object at 0x12c91ece0>,0.38202247191011235,<rdkit.DataStructs.cDataStructs.ExplicitBitVect object at 0x12df69620>,0.08421052631578947,0.5881859094777322,339.219829168,2,1,4.427800000000004,38.33,True
29,CHEMBL194174, CNCCC1=CC(Cc2ccccc2)c2c1cccc2,<rdkit.Chem.rdchem.Mol object at 0x12c90f680>,<rdkit.DataStructs.cDataStructs.ExplicitBitVect object at 0x12c91edc0>,0.2857142857142857,<rdkit.DataStructs.cDataStructs.ExplicitBitVect object at 0x12df697e0>,0.1038961038961039,0.45490025580478766,263.167399672,1,1,4.019400000000003,12.03,True
30,CHEMBL457351, CN(C)CCC1=CC(Cc2ccccc2)c2ccccc12,<rdkit.Chem.rdchem.Mol object at 0x12c90f6f0>,<rdkit.DataStructs.cDataStructs.ExplicitBitVect object at 0x12c91ee30>,0.27906976744186046,<rdkit.DataStructs.cDataStructs.ExplicitBitVect object at 0x12df698c0>,0.08974358974358974,0.4153929628656457,277.183049736,1,0,4.361600000000004,3.24,True
31,CHEMBL1774516, CC(C)C1=C(CCNC(=O)C(F)(F)F)c2c3CCOc3ccc2C1,<rdkit.Chem.rdchem.Mol object at 0x12c90f760>,<rdkit.DataStructs.cDataStructs.ExplicitBitVect object at 0x12c91eea0>,0.40217391304347827,<rdkit.DataStructs.cDataStructs.ExplicitBitVect object at 0x12df699a0>,0.08695652173913043,0.5548195578255234,339.14461353999997,2,1,3.655800000000002,38.33,True
33,CHEMBL370037, CC1=C(C(=O)c2c1cc(O)cc2)c1ccc(O)cc1,<rdkit.Chem.rdchem.Mol object at 0x12c90f840>,<rdkit.DataStructs.cDataStructs.ExplicitBitVect object at 0x12c91ef80>,0.1797752808988764,<rdkit.DataStructs.cDataStructs.ExplicitBitVect object at 0x12df69b60>,0.09722222222222222,0.5351420146328935,252.078644244,3,2,3.224800000000001,57.53,True
34,CHEMBL206300, COc1cc2c(CC(=C2)c2cnccc2)cc1,<rdkit.Chem.rdchem.Mol object at 0x12c90f8b0>,<rdkit.DataStructs.cDataStructs.ExplicitBitVect object at 0x12c91eff0>,0.20454545454545456,<rdkit.DataStructs.cDataStructs.ExplicitBitVect object at 0x12df69c40>,0.1,0.5547839014255642,223.099714036,2,0,3.1869000000000014,22.12,True
35,CHEMBL1774517, CCNC(=O)NCCC1=C(Cc2ccc3OCCc3c12)C(C)C,<rdkit.Chem.rdchem.Mol object at 0x12c90f920>,<rdkit.DataStructs.cDataStructs.ExplicitBitVect object at 0x12c91f060>,0.43010752688172044,<rdkit.DataStructs.cDataStructs.ExplicitBitVect object at 0x12df69d20>,0.11235955056179775,0.4942888102228289,314.199428072,2,2,3.296400000000002,50.36,True
36,CHEMBL1774528, CC(C)Oc1c(cccc1)C1=C(CCNC(=O)C)c2c(C1)ccc1c2CCO1,<rdkit.Chem.rdchem.Mol object at 0x12c90f990>,<rdkit.DataStructs.cDataStructs.ExplicitBitVect object at 0x12c91f0d0>,0.41935483870967744,<rdkit.DataStructs.cDataStructs.ExplicitBitVect object at 0x12df69e00>,0.08,0.42197638075747274,377.199093724,3,1,4.401800000000003,47.56,True
37,CHEMBL1078448, COc1cc(cc(OC)c1OC)C(=O)C1=C(O)c2cc(OC)c(OC)cc2C1,<rdkit.Chem.rdchem.Mol object at 0x12c90fa00>,<rdkit.DataStructs.cDataStructs.ExplicitBitVect object at 0x12c91f140>,0.21739130434782608,<rdkit.DataStructs.cDataStructs.ExplicitBitVect object at 0x12df69ee0>,0.11538461538461539,0.5187866519936858,386.136553044,7,1,3.4377000000000013,83.45000000000002,True
53,CHEMBL434950, CN1C=CC=C1CNC(=O)C1=C2CC3C4CCC5=CC(O)=CC=C5C4CC[C@]3(C)C2=NN1,<rdkit.Chem.rdchem.Mol object at 0x12c914190>,<rdkit.DataStructs.cDataStructs.ExplicitBitVect object at 0x12c91f840>,0.5157894736842106,<rdkit.DataStructs.cDataStructs.ExplicitBitVect object at 0x12df6ace0>,0.12264150943396226,0.44259795279930836,430.23687620000004,4,3,3.953800000000003,82.94,True
57,CHEMBL577792, O=C1NC2=CC=CC=C2N1C1CCN(CC2=CC=C(C=C2)C2=C(N=CC(=O)N2)C2=CC=CC=C2)CC1,<rdkit.Chem.rdchem.Mol object at 0x12c914350>,<rdkit.DataStructs.cDataStructs.ExplicitBitVect object at 0x12c91fa00>,0.45652173913043476,<rdkit.DataStructs.cDataStructs.ExplicitBitVect object at 0x12df6b060>,0.09278350515463918,0.5779966694134788,477.21647510400004,5,2,4.584000000000003,86.78,True
61,CHEMBL440560, O=C1NC2=CC=CC=C2N1C1CCN(CC2=CC=C(C=C2)C2=C(NC(=O)C=N2)C2=CC=CC=C2)CC1,<rdkit.Chem.rdchem.Mol object at 0x12c914510>,<rdkit.DataStructs.cDataStructs.ExplicitBitVect object at 0x12c91fbc0>,0.45652173913043476,<rdkit.DataStructs.cDataStructs.ExplicitBitVect object at 0x12df6b3e0>,0.09278350515463918,0.5112885297857622,477.21647510400004,5,2,4.584000000000004,86.78,True
62,CHEMBL2332070, COC1=CC=CC(CN(CCCN2CCCC2)C(=O)NC2=CC=C(C=C2)C2=CNN=C2)=C1,<rdkit.Chem.rdchem.Mol object at 0x12c914580>,<rdkit.DataStructs.cDataStructs.ExplicitBitVect object at 0x12c91fc30>,0.44680851063829785,<rdkit.DataStructs.cDataStructs.ExplicitBitVect object at 0x12df6b4c0>,0.13,0.5560745991758458,433.24777523200004,4,2,4.605300000000003,73.49000000000001,True
66,CHEMBL2332074, COC1=CC=CC(CN(CCCN2CCCCC2)C(=O)NC2=CC=C(C=C2)C2=CNN=C2)=C1,<rdkit.Chem.rdchem.Mol object at 0x12c914740>,<rdkit.DataStructs.cDataStructs.ExplicitBitVect object at 0x12c91fdf0>,0.4574468085106383,<rdkit.DataStructs.cDataStructs.ExplicitBitVect object at 0x12df6b840>,0.12871287128712872,0.46525669875383685,447.2634252960001,4,2,4.995400000000004,73.49000000000001,True
68,CHEMBL1642746, CC1(C)CCC(CC1)NCC1=CC=C(C=C1)N1CCCC2=CC(=CC=C12)C(N)=O,<rdkit.Chem.rdchem.Mol object at 0x12c914820>,<rdkit.DataStructs.cDataStructs.ExplicitBitVect object at 0x12c91fed0>,0.4222222222222222,<rdkit.DataStructs.cDataStructs.ExplicitBitVect object at 0x12df6ba00>,0.12903225806451613,0.48249264333092584,391.262362676,3,2,4.928200000000004,58.36,True
69,CHEMBL244185, [H][C@@]12C[C@@]([H])(C(CN3CCC(CC3)NC(=O)NC3=CC=CC(OC)=C3)=CC1)C2(C)C,<rdkit.Chem.rdchem.Mol object at 0x12c914890>,<rdkit.DataStructs.cDataStructs.ExplicitBitVect object at 0x12c91ff40>,0.4489795918367347,<rdkit.DataStructs.cDataStructs.ExplicitBitVect object at 0x12df6bae0>,0.125,0.5311631308046478,383.257277296,3,2,4.273500000000003,53.60000000000001,True
76,CHEMBL1256678, [H][C@@]1(CC[C@@]2([H])[C@]3([H])CCC4=C(C=CC(OC)=C4)[C@@]3([H])CC[C@]12C)NCCCCCCN1C(=O)C=CC1=O,<rdkit.Chem.rdchem.Mol object at 0x12c914ba0>,<rdkit.DataStructs.cDataStructs.ExplicitBitVect object at 0x12c8942e0>,0.5333333333333333,<rdkit.DataStructs.cDataStructs.ExplicitBitVect object at 0x12df6c190>,0.17708333333333334,0.4917104393299484,464.30389313999996,4,1,4.994900000000005,58.64,True
77,CHEMBL237103, [H][C@@]1(CC[C@@H](CC1)NC(=O)C(CC1=CC=CC=C1)N(C)C)C1=CC=C(O)C=C1,<rdkit.Chem.rdchem.Mol object at 0x12c914c10>,<rdkit.DataStructs.cDataStructs.ExplicitBitVect object at 0x12c894350>,0.33695652173913043,<rdkit.DataStructs.cDataStructs.ExplicitBitVect object at 0x12df6c270>,0.10465116279069768,0.5363268326537407,366.23072819999993,3,2,3.707500000000003,52.57000000000001,True
80,CHEMBL438624, C[C@]12CCC3C(CCC4=CC(O)=CC=C34)C1CC1=C(NN=C21)C(=O)NCC1=NC=CC=C1,<rdkit.Chem.rdchem.Mol object at 0x12c914d60>,<rdkit.DataStructs.cDataStructs.ExplicitBitVect object at 0x12c8944a0>,0.46808510638297873,<rdkit.DataStructs.cDataStructs.ExplicitBitVect object at 0x12df6c510>,0.11320754716981132,0.5508503911927398,428.22122613600004,4,3,4.010300000000003,90.89999999999999,True
81,CHEMBL364060, C[C@]12CCC3C(CCC4=CC(O)=CC=C34)C1CC1=C(NN=C21)C(=O)NCC1=CC=CN=C1,<rdkit.Chem.rdchem.Mol object at 0x12c914dd0>,<rdkit.DataStructs.cDataStructs.ExplicitBitVect object at 0x12c894510>,0.4574468085106383,<rdkit.DataStructs.cDataStructs.ExplicitBitVect object at 0x12df6c5f0>,0.11214953271028037,0.5490575320664202,428.22122613600004,4,3,4.010300000000003,90.89999999999999,True
83,CHEMBL3262656, CCN(CC)CCCCOC1=CC=C(CC2NCCC3=CC(OC)=C(OC)C=C23)C=C1,<rdkit.Chem.rdchem.Mol object at 0x12c914eb0>,<rdkit.DataStructs.cDataStructs.ExplicitBitVect object at 0x12c8945f0>,0.5232558139534884,<rdkit.DataStructs.cDataStructs.ExplicitBitVect object at 0x12df6c7b0>,0.14606741573033707,0.6480438157378209,426.2882430759999,5,1,4.634100000000004,42.96000000000001,True
92,CHEMBL227051, CC1=C2C=C(C=CC2=NN1)C1=CC(OC[C@@H](N)CC2=C(C)C=C(C)C=C2C)=CN=C1,<rdkit.Chem.rdchem.Mol object at 0x12c9152a0>,<rdkit.DataStructs.cDataStructs.ExplicitBitVect object at 0x12c8949e0>,0.4044943820224719,<rdkit.DataStructs.cDataStructs.ExplicitBitVect object at 0x12df6cf90>,0.07368421052631578,0.4443618726364603,400.226311516,4,2,4.807380000000004,76.82,True
94,CHEMBL364492, CC(C)N1CCN(CC1)C1=CC=C(C=C1)C1N(CCC2=CC(O)=CC=C12)C1=CC(O)=CC=C1,<rdkit.Chem.rdchem.Mol object at 0x12c915380>,<rdkit.DataStructs.cDataStructs.ExplicitBitVect object at 0x12c894ac0>,0.4659090909090909,<rdkit.DataStructs.cDataStructs.ExplicitBitVect object at 0x12df6d150>,0.08791208791208792,0.5656773439531745,443.257277296,5,2,4.780300000000006,50.18000000000001,True
97,CHEMBL497949, NC(=O)C1=CC2=C(C=C1)C(C(=NC1=CC=C(CN3CCCCC3)C=C1)C1=CC=CC=C1)C(=O)N2,<rdkit.Chem.rdchem.Mol object at 0x12c9154d0>,<rdkit.DataStructs.cDataStructs.ExplicitBitVect object at 0x12c894c10>,0.4606741573033708,<rdkit.DataStructs.cDataStructs.ExplicitBitVect object at 0x12df6d3f0>,0.11578947368421053,0.5205974942448747,452.221226136,4,2,4.628100000000003,87.79,True
101,CHEMBL386531, CN(C)[C@H](CN(C)[C@H](CNCC1=CC=CC=C1)CC1=CC=C(O)C=C1)CC1=CC=C(O)C=C1,<rdkit.Chem.rdchem.Mol object at 0x12c915690>,<rdkit.DataStructs.cDataStructs.ExplicitBitVect object at 0x12c894dd0>,0.375,<rdkit.DataStructs.cDataStructs.ExplicitBitVect object at 0x12df6d770>,0.058823529411764705,0.5011079975648333,447.288577424,5,3,3.903400000000003,58.97,True
111,CHEMBL517014, [H][C@@]12CCCN(CCN3CCN(CC3)C3=CC=CC(Cl)=C3Cl)[C@]1([H])CC1=C(C2)C=CC(O)=C1,<rdkit.Chem.rdchem.Mol object at 0x12c915af0>,<rdkit.DataStructs.cDataStructs.ExplicitBitVect object at 0x12c895230>,0.38461538461538464,<rdkit.DataStructs.cDataStructs.ExplicitBitVect object at 0x12df6e030>,0.0967741935483871,0.5613800972998675,459.18441797199995,4,1,4.7004000000000055,29.950000000000003,True
112,CHEMBL2332096, COC1=CC=CC(CNC(=O)N(CCCN(C)C)C2=CC=C(C=C2)C2=CNN=C2)=C1,<rdkit.Chem.rdchem.Mol object at 0x12c915b60>,<rdkit.DataStructs.cDataStructs.ExplicitBitVect object at 0x12c8952a0>,0.46875,<rdkit.DataStructs.cDataStructs.ExplicitBitVect object at 0x12df6e110>,0.10309278350515463,0.5599224853780231,407.23212516800004,4,2,3.7532000000000023,73.49000000000001,True
113,CHEMBL2332073, COC1=CC=CC(CN(CCN2CCCCC2)C(=O)NC2=CC=C(C=C2)C2=CNN=C2)=C1,<rdkit.Chem.rdchem.Mol object at 0x12c915bd0>,<rdkit.DataStructs.cDataStructs.ExplicitBitVect object at 0x12c895310>,0.46808510638297873,<rdkit.DataStructs.cDataStructs.ExplicitBitVect object at 0x12df6e1f0>,0.12,0.561187409460463,433.24777523200004,4,2,4.605300000000003,73.49000000000001,True
117,CHEMBL474619, COC1=C(C=CC(O)=C1)C1=CC=C2C(NN=C2C2=NC3=C(C=CC=C3N2)N2CCN(C)CC2)=C1,<rdkit.Chem.rdchem.Mol object at 0x12c915d90>,<rdkit.DataStructs.cDataStructs.ExplicitBitVect object at 0x12c8954d0>,0.5,<rdkit.DataStructs.cDataStructs.ExplicitBitVect object at 0x12df6e570>,0.10784313725490197,0.5646025475570137,454.21172407200004,6,3,4.239200000000003,93.29999999999998,True
118,CHEMBL485955, CN1CCC(CC1)C(=O)N[C@@H](CCCCCC(C)=O)C1=NC(=CN1)C1=C(Cl)C=CC=C1,<rdkit.Chem.rdchem.Mol object at 0x12c915e00>,<rdkit.DataStructs.cDataStructs.ExplicitBitVect object at 0x12c895540>,0.4583333333333333,<rdkit.DataStructs.cDataStructs.ExplicitBitVect object at 0x12df6e650>,0.14432989690721648,0.43959705098283525,444.22920397600006,4,2,4.7687000000000035,78.09,True
123,CHEMBL369322, CC(C)C1=C2N(C=C1OCCCN1CCCCC1)N=CN=C2NC1=CC=C(C)C(O)=C1,<rdkit.Chem.rdchem.Mol object at 0x12c916030>,<rdkit.DataStructs.cDataStructs.ExplicitBitVect object at 0x12c895770>,0.49473684210526314,<rdkit.DataStructs.cDataStructs.ExplicitBitVect object at 0x12df6eab0>,0.15789473684210525,0.5179015540419638,423.26342529600004,7,2,4.865120000000005,74.92,True
124,CHEMBL235824, [H][C@]1(CN(C)CC2=CC(OCCCN3CCC(F)CC3)=CC=C12)C1=CC=C(OC)C=C1,<rdkit.Chem.rdchem.Mol object at 0x12c9160a0>,<rdkit.DataStructs.cDataStructs.ExplicitBitVect object at 0x12c8957e0>,0.43820224719101125,<rdkit.DataStructs.cDataStructs.ExplicitBitVect object at 0x12df6eb90>,0.23170731707317074,0.4607984783155678,412.25260651599996,4,0,4.475300000000004,24.94,True
127,CHEMBL191711, OC1=CC=CC(=C1)N1CCC2=CC(O)=CC=C2C1C1=CC=C(C=C1)N1CCN(CC2CC2)CC1,<rdkit.Chem.rdchem.Mol object at 0x12c9161f0>,<rdkit.DataStructs.cDataStructs.ExplicitBitVect object at 0x12c895930>,0.4318181818181818,<rdkit.DataStructs.cDataStructs.ExplicitBitVect object at 0x12df6ee30>,0.08602150537634409,0.4537947423156766,455.2572772960001,5,2,4.781900000000006,50.18000000000001,True
128,CHEMBL391669, OC1=CC=CC(=C1)C1CN2CCCC2C2=CC(OCCCN3CCCCC3)=CC=C12,<rdkit.Chem.rdchem.Mol object at 0x12c916260>,<rdkit.DataStructs.cDataStructs.ExplicitBitVect object at 0x12c8959a0>,0.4418604651162791,<rdkit.DataStructs.cDataStructs.ExplicitBitVect object at 0x12df6ef10>,0.15555555555555556,0.4903293688899603,406.26202832800004,4,1,4.929400000000005,35.940000000000005,True
129,CHEMBL2333732, OC1=CC=C(C=C1)N1CCN(CC2=CN(N=C2)C2=CC=C(Cl)C=C2)CC1,<rdkit.Chem.rdchem.Mol object at 0x12c9162d0>,<rdkit.DataStructs.cDataStructs.ExplicitBitVect object at 0x12c895a10>,0.3617021276595745,<rdkit.DataStructs.cDataStructs.ExplicitBitVect object at 0x12df6eff0>,0.08333333333333333,0.5286868039955325,368.14038897200004,5,1,3.5535000000000023,44.53,True
131,CHEMBL1774068, FC1=C(Cl)C(=CC=C1)N1CCN(CCCCOC2=NC3=C(CCC(=O)N3)C=C2)CC1,<rdkit.Chem.rdchem.Mol object at 0x12c9163b0>,<rdkit.DataStructs.cDataStructs.ExplicitBitVect object at 0x12c895af0>,0.44329896907216493,<rdkit.DataStructs.cDataStructs.ExplicitBitVect object at 0x12df6f1b0>,0.1134020618556701,0.5308476227752761,432.172831972,5,1,3.740000000000002,57.7,True
132,CHEMBL2332069, COC1=CC=CC(CN(CCN2CCCC2)C(=O)NC2=CC=C(C=C2)C2=CNN=C2)=C1,<rdkit.Chem.rdchem.Mol object at 0x12c916420>,<rdkit.DataStructs.cDataStructs.ExplicitBitVect object at 0x12c895b60>,0.4574468085106383,<rdkit.DataStructs.cDataStructs.ExplicitBitVect object at 0x12df6f290>,0.12121212121212122,0.4475093245122591,419.23212516800004,4,2,4.215200000000003,73.49000000000001,True
133,CHEMBL250122, COC1=CC=C2C(C)=CC(N[C@H]3CCC[C@@H](C3)NCC3=NC=CN=C3)=NC2=C1,<rdkit.Chem.rdchem.Mol object at 0x12c916490>,<rdkit.DataStructs.cDataStructs.ExplicitBitVect object at 0x12c895bd0>,0.4111111111111111,<rdkit.DataStructs.cDataStructs.ExplicitBitVect object at 0x12df6f370>,0.11458333333333333,0.4872914663404775,377.22156048400007,6,2,3.854720000000003,71.96000000000001,True
136,CHEMBL1922226, COC1=CC=C(C=C1)C(=O)NC1=C(NC(=O)C2=CC=C(C=C2)N2CCCN(C)CC2)C=CC=C1,<rdkit.Chem.rdchem.Mol object at 0x12c9165e0>,<rdkit.DataStructs.cDataStructs.ExplicitBitVect object at 0x12c895d20>,0.4673913043478261,<rdkit.DataStructs.cDataStructs.ExplicitBitVect object at 0x12df6f610>,0.14457831325301204,0.4937953796877152,458.23179082000007,5,2,4.341700000000004,73.91,True
139,CHEMBL583843, COC1=C(OC2=C(CN3CCC4(CC3)CCN(CC4)C(=O)C3=CC=CNC3=O)C=CC=C2)C=CC=C1,<rdkit.Chem.rdchem.Mol object at 0x12c916730>,<rdkit.DataStructs.cDataStructs.ExplicitBitVect object at 0x12c895e70>,0.45652173913043476,<rdkit.DataStructs.cDataStructs.ExplicitBitVect object at 0x12df6f8b0>,0.09375,0.41465640093080025,487.247106536,5,1,4.694200000000004,74.87,True
140,CHEMBL519892, CN1CCC(CC1)C(=O)N[C@@H](CCCCCC(C)=O)C1=NC(=CN1)C1=CC=CC=C1,<rdkit.Chem.rdchem.Mol object at 0x12c9167a0>,<rdkit.DataStructs.cDataStructs.ExplicitBitVect object at 0x12c895ee0>,0.45652173913043476,<rdkit.DataStructs.cDataStructs.ExplicitBitVect object at 0x12df6f990>,0.1368421052631579,0.6576833765624002,410.26817632800004,4,2,4.115300000000003,78.09,True
144,CHEMBL1258087, CC1=CC2=C(C=C1OCCCCN1CCN(CC1)C1=C3C=CC(F)=CC3=CC=C1)C(=O)NC2,<rdkit.Chem.rdchem.Mol object at 0x12c916960>,<rdkit.DataStructs.cDataStructs.ExplicitBitVect object at 0x12c8960a0>,0.4946236559139785,<rdkit.DataStructs.cDataStructs.ExplicitBitVect object at 0x12df6fd10>,0.12,0.39216549595069433,447.23220541999996,4,1,4.5119200000000035,44.81,True
145,CHEMBL1914853, CC(=O)NC1CC2=CC=C(C=C2C1)C(=O)CCCN1CCC(CC1)C1=CC=C(Cl)C=C1,<rdkit.Chem.rdchem.Mol object at 0x12c9169d0>,<rdkit.DataStructs.cDataStructs.ExplicitBitVect object at 0x12c896110>,0.4065934065934066,<rdkit.DataStructs.cDataStructs.ExplicitBitVect object at 0x12df6fdf0>,0.15384615384615385,0.3999892236453455,438.207405912,3,1,4.7858000000000045,49.410000000000004,True
146,CHEMBL375803, [H][C@@]12CN(CC3=CC=C(O)C=C3)CCN1C[C@H](C)[C@@](C)(C2)C1=CC(O)=CC=C1,<rdkit.Chem.rdchem.Mol object at 0x12c916a40>,<rdkit.DataStructs.cDataStructs.ExplicitBitVect object at 0x12c896180>,0.45977011494252873,<rdkit.DataStructs.cDataStructs.ExplicitBitVect object at 0x12df6fed0>,0.11235955056179775,0.3747989483206842,366.23072819999993,4,2,3.5817000000000023,46.94,True
147,CHEMBL218909, [H][C@@]12CN(CC3=CC(O)=CC=C3)CCN1C[C@H](C)[C@@](C)(C2)C1=CC(O)=CC=C1,<rdkit.Chem.rdchem.Mol object at 0x12c916ab0>,<rdkit.DataStructs.cDataStructs.ExplicitBitVect object at 0x12c8961f0>,0.47126436781609193,<rdkit.DataStructs.cDataStructs.ExplicitBitVect object at 0x12df70040>,0.10112359550561797,0.5389624030638311,366.23072819999993,4,2,3.5817000000000023,46.94,True
148,CHEMBL472488, [H][C@@]12CC[C@@](C)([C@@H](C1)NC1CCN(CC3=CC=CC(OC)=C3)CC1)C2(C)C,<rdkit.Chem.rdchem.Mol object at 0x12c916b20>,<rdkit.DataStructs.cDataStructs.ExplicitBitVect object at 0x12c896260>,0.4772727272727273,<rdkit.DataStructs.cDataStructs.ExplicitBitVect object at 0x12df70120>,0.12222222222222222,0.5648551203453281,356.28276377199995,3,1,4.464000000000004,24.5,True
152,CHEMBL238751, OC1=CC=C(C=C1)C1CN2CCCC2C2=CC(OCCCN3CCCCC3)=CC=C12,<rdkit.Chem.rdchem.Mol object at 0x12c916ce0>,<rdkit.DataStructs.cDataStructs.ExplicitBitVect object at 0x12c896420>,0.4418604651162791,<rdkit.DataStructs.cDataStructs.ExplicitBitVect object at 0x12df704a0>,0.1590909090909091,0.5949993705631713,406.26202832800004,4,1,4.929400000000005,35.940000000000005,True
155,CHEMBL3235735, NC(=O)[C@@H]1CCCN1C(=O)CCCCCN1CCN(CC1)C1=CC=CC=C1F,<rdkit.Chem.rdchem.Mol object at 0x12c916e30>,<rdkit.DataStructs.cDataStructs.ExplicitBitVect object at 0x12c896570>,0.41304347826086957,<rdkit.DataStructs.cDataStructs.ExplicitBitVect object at 0x12df70740>,0.12222222222222222,0.3589380010215521,390.243104452,4,1,1.9843999999999993,69.88,True
156,CHEMBL235155, NC(=O)C1=CN=C(OC2=CC3=C(CN(CC4=CC=CC=C4)CC3)C=C2)C=C1,<rdkit.Chem.rdchem.Mol object at 0x12c916ea0>,<rdkit.DataStructs.cDataStructs.ExplicitBitVect object at 0x12c8965e0>,0.4157303370786517,<rdkit.DataStructs.cDataStructs.ExplicitBitVect object at 0x12df70820>,0.11956521739130435,0.37162336045592526,359.163376912,4,1,3.531100000000003,68.45,True
163,CHEMBL3235728, CSC1=CC=CC=C1N1CCN(CCCCCCC(=O)N2CCC[C@H]2C(N)=O)CC1,<rdkit.Chem.rdchem.Mol object at 0x12c9171b0>,<rdkit.DataStructs.cDataStructs.ExplicitBitVect object at 0x12c8968f0>,0.5,<rdkit.DataStructs.cDataStructs.ExplicitBitVect object at 0x12df70e40>,0.13043478260869565,0.5490578740120049,432.255897392,5,1,2.9573,69.88,True
168,CHEMBL2010828, COC1=CC=C(\C=C(/C)CN(CCC2CCCN2C)C(=O)C2=CC(OC)=C(OC)C=C2)C(F)=C1,<rdkit.Chem.rdchem.Mol object at 0x12c9173e0>,<rdkit.DataStructs.cDataStructs.ExplicitBitVect object at 0x12c896b20>,0.422680412371134,<rdkit.DataStructs.cDataStructs.ExplicitBitVect object at 0x12df712a0>,0.13861386138613863,0.5207500956671731,470.25808581999996,5,0,4.881500000000005,51.24000000000001,True
169,CHEMBL147071, COC1=CC=C(NC(=O)C2=CC=C(C=C2)C2=C(C)C=C(C=C2)C(N)=O)C=C1N1CCN(C)CC1,<rdkit.Chem.rdchem.Mol object at 0x12c917450>,<rdkit.DataStructs.cDataStructs.ExplicitBitVect object at 0x12c896b90>,0.4782608695652174,<rdkit.DataStructs.cDataStructs.ExplicitBitVect object at 0x12df71380>,0.15384615384615385,0.572452694717494,458.23179082000007,5,2,3.773620000000002,87.89999999999998,True
170,CHEMBL3116280, COC1=CC=C(COC2=NN(CCN(C(C)C)C(C)C)C3=CC=CC=C23)C=C1,<rdkit.Chem.rdchem.Mol object at 0x12c9174c0>,<rdkit.DataStructs.cDataStructs.ExplicitBitVect object at 0x12c896c00>,0.44565217391304346,<rdkit.DataStructs.cDataStructs.ExplicitBitVect object at 0x12df71460>,0.11494252873563218,0.5726213213661683,381.241627232,5,0,4.742700000000005,39.52,True
171,CHEMBL386162, COC1=CC=C(CC(C)C(=O)N2CCN(CC2)C2=CC=C(Cl)C=C2[C@@H](N)CC(C)C)C=C1,<rdkit.Chem.rdchem.Mol object at 0x12c917530>,<rdkit.DataStructs.cDataStructs.ExplicitBitVect object at 0x12c896c70>,0.4479166666666667,<rdkit.DataStructs.cDataStructs.ExplicitBitVect object at 0x12df71540>,0.1276595744680851,0.6387065443532461,457.249605072,4,1,4.921900000000004,58.8,True
172,CHEMBL2158724, COC1=CC=C(C=C1)N1CCN(CCC(OC(N)=O)C2=CC=CC=C2)CC1,<rdkit.Chem.rdchem.Mol object at 0x12c9175a0>,<rdkit.DataStructs.cDataStructs.ExplicitBitVect object at 0x12c896ce0>,0.4666666666666667,<rdkit.DataStructs.cDataStructs.ExplicitBitVect object at 0x12df71620>,0.1566265060240964,0.49420733307284015,369.205241724,5,1,3.0439000000000016,68.03,True
173,CHEMBL3218884, COC1=CC=C(C=C1)N1C=C2N=C(N(CC3CCCN(C3)C(C)C)C(=O)C2=N1)C1=CC=CC=C1C,<rdkit.Chem.rdchem.Mol object at 0x12c917610>,<rdkit.DataStructs.cDataStructs.ExplicitBitVect object at 0x12c896d50>,0.4845360824742268,<rdkit.DataStructs.cDataStructs.ExplicitBitVect object at 0x12df71700>,0.10476190476190476,0.39355127481044655,471.26342529600004,7,0,4.686620000000004,65.18,True
175,CHEMBL217182, COC1=CC2=C(CC(CC2)N(CCCN2CCN(C)CC2)C(=O)NC2=CC=C(F)C(Cl)=C2)C=C1,<rdkit.Chem.rdchem.Mol object at 0x12c9176f0>,<rdkit.DataStructs.cDataStructs.ExplicitBitVect object at 0x12c896e30>,0.46875,<rdkit.DataStructs.cDataStructs.ExplicitBitVect object at 0x12df718c0>,0.1836734693877551,0.6475223918136884,488.235432228,4,1,4.516600000000004,48.050000000000004,True
176,CHEMBL221453, COC1=CC2=C(C=C1)C(CCC2)NC(=O)CCCN1CCN(CC1)C1=C(OC)C=CC=C1,<rdkit.Chem.rdchem.Mol object at 0x12c917760>,<rdkit.DataStructs.cDataStructs.ExplicitBitVect object at 0x12c896ea0>,0.4945054945054945,<rdkit.DataStructs.cDataStructs.ExplicitBitVect object at 0x12df719a0>,0.18085106382978725,0.6396491532125191,437.26784198,5,1,3.799800000000003,54.040000000000006,True
177,CHEMBL3104342, COC1=CC(=CC=C1)C1=CC=C(C=C1)[C@@H]1C[C@H]1NCC(=O)N1CCN(C)CC1,<rdkit.Chem.rdchem.Mol object at 0x12c9177d0>,<rdkit.DataStructs.cDataStructs.ExplicitBitVect object at 0x12c896f10>,0.4835164835164835,<rdkit.DataStructs.cDataStructs.ExplicitBitVect object at 0x12df71a80>,0.1724137931034483,0.5898606393003952,379.22597716800004,4,1,2.5817000000000005,44.81,True
181,CHEMBL520526, CN1CCC(CC1)C(=O)N[C@@H](CCCCCC(C)=O)C1=NC(=CN1)C1=CC=C(Cl)C=C1,<rdkit.Chem.rdchem.Mol object at 0x12c917990>,<rdkit.DataStructs.cDataStructs.ExplicitBitVect object at 0x12c8970d0>,0.4375,<rdkit.DataStructs.cDataStructs.ExplicitBitVect object at 0x12df71e00>,0.14583333333333334,0.4014542874894191,444.22920397600006,4,2,4.7687000000000035,78.09,True
182,CHEMBL485723, CN1CCC(CC1)C(=O)N[C@@H](CCCCCC(C)=O)C1=NC(=CN1)C1=CC=C(Br)C=C1,<rdkit.Chem.rdchem.Mol object at 0x12c917a00>,<rdkit.DataStructs.cDataStructs.ExplicitBitVect object at 0x12c897140>,0.4375,<rdkit.DataStructs.cDataStructs.ExplicitBitVect object at 0x12df71ee0>,0.13402061855670103,0.42780526690781356,488.1786883960001,4,2,4.877800000000004,78.09,True
183,CHEMBL487975, CN1CCC(CC1)C(=O)N[C@@H](CCCCCC(C)=O)C1=NC(=CN1)C1=CC(Cl)=CC=C1,<rdkit.Chem.rdchem.Mol object at 0x12c917a70>,<rdkit.DataStructs.cDataStructs.ExplicitBitVect object at 0x12c8971b0>,0.4375,<rdkit.DataStructs.cDataStructs.ExplicitBitVect object at 0x12df71fc0>,0.15306122448979592,0.6029894953735152,444.22920397600006,4,2,4.7687000000000035,78.09,True
184,CHEMBL2332059, CN(C)CCC(NC(=O)NC1=CC=C(C=C1)C1=CNN=C1)C1=CC=CC=C1,<rdkit.Chem.rdchem.Mol object at 0x12c917ae0>,<rdkit.DataStructs.cDataStructs.ExplicitBitVect object at 0x12c897220>,0.39361702127659576,<rdkit.DataStructs.cDataStructs.ExplicitBitVect object at 0x12df720a0>,0.08695652173913043,0.39875135803513123,363.20591042,3,3,3.891200000000002,73.05000000000001,True
188,CHEMBL1257971, CC1=CC2=C(C=C1OCCCCN1CCN(CC1)C1=C3C(F)=CC=CC3=CC=C1)C(=O)NC2,<rdkit.Chem.rdchem.Mol object at 0x12c917ca0>,<rdkit.DataStructs.cDataStructs.ExplicitBitVect object at 0x12c8973e0>,0.4946236559139785,<rdkit.DataStructs.cDataStructs.ExplicitBitVect object at 0x12df72420>,0.12244897959183673,0.48030568433494536,447.23220541999996,4,1,4.5119200000000035,44.81,True
189,CHEMBL211084, CC1=C2C=C(C=CC2=NN1)C1=CN=CC(OCC[C@@H](N)CC2=CC=CC=C2)=C1,<rdkit.Chem.rdchem.Mol object at 0x12c917d10>,<rdkit.DataStructs.cDataStructs.ExplicitBitVect object at 0x12c897450>,0.4157303370786517,<rdkit.DataStructs.cDataStructs.ExplicitBitVect object at 0x12df72500>,0.09574468085106383,0.37420232770922035,372.195011388,4,2,4.272220000000003,76.82,True
190,CHEMBL76914, CC1=C(N2CC(CCN3CCN(CC3)C3=NC=CC=C3)OC3=C2C1=CC=C3)C1=CC=C(O)C=C1,<rdkit.Chem.rdchem.Mol object at 0x12c917d80>,<rdkit.DataStructs.cDataStructs.ExplicitBitVect object at 0x12c8974c0>,0.44565217391304346,<rdkit.DataStructs.cDataStructs.ExplicitBitVect object at 0x12df725e0>,0.08737864077669903,0.4140220209374429,454.2368761999999,6,1,4.690620000000005,53.760000000000005,True
191,CHEMBL2112473, CC(C)[C@@H](CN1CC[C@](C)([C@@H](C)C1)C1=CC(O)=CC=C1)NC[C@H]1CC2=C(CN1)C=C(O)C=C2,<rdkit.Chem.rdchem.Mol object at 0x12c917df0>,<rdkit.DataStructs.cDataStructs.ExplicitBitVect object at 0x12c897530>,0.4945054945054945,<rdkit.DataStructs.cDataStructs.ExplicitBitVect object at 0x12df726c0>,0.09615384615384616,0.4821439259130952,451.31987755200004,5,4,4.0260000000000025,67.76,True
194,CHEMBL3092827, CC(=O)NC1=CC=C(OC2=CC=C3CCN(CCC3=C2)C2CCC2)N=C1,<rdkit.Chem.rdchem.Mol object at 0x12c917f40>,<rdkit.DataStructs.cDataStructs.ExplicitBitVect object at 0x12c897680>,0.40217391304347827,<rdkit.DataStructs.cDataStructs.ExplicitBitVect object at 0x12df72960>,0.12087912087912088,0.5288709339917249,351.19467704000004,4,1,3.7854000000000028,54.46,True
195,CHEMBL214907, [H][C@]12C[C@]1(CC[C@H]2N(CCCN1CCN(C)CC1)C(=O)NC1=CC=C(F)C(Cl)=C1)C1=CC=C(N)C=C1,<rdkit.Chem.rdchem.Mol object at 0x12c918040>,<rdkit.DataStructs.cDataStructs.ExplicitBitVect object at 0x12c8976f0>,0.4329896907216495,<rdkit.DataStructs.cDataStructs.ExplicitBitVect object at 0x12df72a40>,0.1568627450980392,0.554542537260575,499.25141664000006,4,2,4.653000000000003,64.84,True
199,CHEMBL563435, [H]C12CCC(CN(C)CCN3CCN(C3=O)C3=CC=CC(OC)=C3)(CC1)C2(C)C,<rdkit.Chem.rdchem.Mol object at 0x12c918200>,<rdkit.DataStructs.cDataStructs.ExplicitBitVect object at 0x12c8978b0>,0.4891304347826087,<rdkit.DataStructs.cDataStructs.ExplicitBitVect object at 0x12df72dc0>,0.14130434782608695,0.5344565950041954,385.27292736,3,0,4.0854000000000035,36.019999999999996,True
205,CHEMBL1087452, O=C1NC2=CC=CC(N3CCN(CCOC4=CC5=C(CCC(=O)N5)C=C4)CC3)=C2O1,<rdkit.Chem.rdchem.Mol object at 0x12c9184a0>,<rdkit.DataStructs.cDataStructs.ExplicitBitVect object at 0x12c897b50>,0.5104166666666666,<rdkit.DataStructs.cDataStructs.ExplicitBitVect object at 0x12df73300>,0.10309278350515463,0.5220146015716033,408.17975524799994,6,2,2.2067999999999994,90.81000000000002,True
207,CHEMBL249240, NCCCC1=CC2=C(C(=O)NC=C2C2=CC=CC=C2)C2=CC(=CC=C12)C1=CNN=C1,<rdkit.Chem.rdchem.Mol object at 0x12c918580>,<rdkit.DataStructs.cDataStructs.ExplicitBitVect object at 0x12c897c30>,0.36666666666666664,<rdkit.DataStructs.cDataStructs.ExplicitBitVect object at 0x12df734c0>,0.08421052631578947,0.506944761829578,394.179361324,3,3,4.629700000000003,87.56,True
208,CHEMBL250033, NCCCC1=CC2=C(C(=O)NC=C2C2=CC=C(F)C=C2)C2=CC(=CC=C12)C1=CNN=C1,<rdkit.Chem.rdchem.Mol object at 0x12c9185f0>,<rdkit.DataStructs.cDataStructs.ExplicitBitVect object at 0x12c897ca0>,0.35106382978723405,<rdkit.DataStructs.cDataStructs.ExplicitBitVect object at 0x12df735a0>,0.08333333333333333,0.5234628070225408,412.16993951200004,3,3,4.768800000000003,87.56,True
209,CHEMBL397148, NC(=O)C1=CN=C(OC2=CC=C3CN(CCC4=CC=CC=C4)CCC3=C2)C=C1,<rdkit.Chem.rdchem.Mol object at 0x12c918660>,<rdkit.DataStructs.cDataStructs.ExplicitBitVect object at 0x12c897d10>,0.4157303370786517,<rdkit.DataStructs.cDataStructs.ExplicitBitVect object at 0x12df73680>,0.11702127659574468,0.39753211463571037,373.179026976,4,1,3.5736000000000026,68.45,True
210,CHEMBL366300, NC(=O)C1=CC2=CC(=CC=C2N1)N1CCN(CCCCC2=CNC3=CC=C(C=C23)C#N)CC1,<rdkit.Chem.rdchem.Mol object at 0x12c9186d0>,<rdkit.DataStructs.cDataStructs.ExplicitBitVect object at 0x12c897d80>,0.391304347826087,<rdkit.DataStructs.cDataStructs.ExplicitBitVect object at 0x12df73760>,0.09803921568627451,0.536576165360383,440.23245951600006,4,3,3.764680000000003,104.94,True
211,CHEMBL161792, ClC1=CC=CC(N2CCN(CCCCOC3=CC=C4C=CC(=O)NC4=C3)CC2)=C1Cl,<rdkit.Chem.rdchem.Mol object at 0x12c918740>,<rdkit.DataStructs.cDataStructs.ExplicitBitVect object at 0x12c897df0>,0.43617021276595747,<rdkit.DataStructs.cDataStructs.ExplicitBitVect object at 0x12df73840>,0.13333333333333333,0.48947968674372816,445.13238240000004,4,1,4.816100000000004,48.57,True
214,CHEMBL1923729, C[C@@H]1CCCN1CCCOC1=CC=C(C=C1)C1=CN(C)C(=O)C=C1,<rdkit.Chem.rdchem.Mol object at 0x12c918890>,<rdkit.DataStructs.cDataStructs.ExplicitBitVect object at 0x12c897f40>,0.4943820224719101,<rdkit.DataStructs.cDataStructs.ExplicitBitVect object at 0x12df73ae0>,0.175,0.4971607741212441,326.19942807199993,4,0,3.305500000000002,34.47,True
218,CHEMBL2158227, CS(=O)(=O)CCN1CCC(CC1)C1=CC(C2=CCCCC2)=C(NC(=O)C2=NC=C(N2)C#N)C=C1,<rdkit.Chem.rdchem.Mol object at 0x12c918a50>,<rdkit.DataStructs.cDataStructs.ExplicitBitVect object at 0x12c948190>,0.5773195876288659,<rdkit.DataStructs.cDataStructs.ExplicitBitVect object at 0x12df73e60>,0.1523809523809524,0.4197089316576439,481.2147608520001,6,2,3.715080000000002,118.94999999999999,True
220,CHEMBL400297, COC1=CC=C2N=C(NCC3CCCN(CC4=CSC=C4)C3)C=C(C)C2=C1,<rdkit.Chem.rdchem.Mol object at 0x12c918b30>,<rdkit.DataStructs.cDataStructs.ExplicitBitVect object at 0x12c948270>,0.4666666666666667,<rdkit.DataStructs.cDataStructs.ExplicitBitVect object at 0x12df740b0>,0.1326530612244898,0.323268473853186,381.187483484,5,1,4.937420000000005,37.39,True
225,CHEMBL238506, COC1=CC=C(C=C1)N1CCN(CC1)[C@@H]1CN[C@@H](C1)C(=O)N1CCSC1,<rdkit.Chem.rdchem.Mol object at 0x12c918d60>,<rdkit.DataStructs.cDataStructs.ExplicitBitVect object at 0x12c9484a0>,0.45161290322580644,<rdkit.DataStructs.cDataStructs.ExplicitBitVect object at 0x12df74510>,0.10989010989010989,0.47713064753536044,376.19329713599996,6,1,1.0806000000000004,48.050000000000004,True
226,CHEMBL2442995, COC1=CC=C(C=C1)C1=C(C=CC=C1)N1CCN(CCCCCC(=O)NCC2=CC=CN=C2)CC1,<rdkit.Chem.rdchem.Mol object at 0x12c918dd0>,<rdkit.DataStructs.cDataStructs.ExplicitBitVect object at 0x12c948510>,0.45652173913043476,<rdkit.DataStructs.cDataStructs.ExplicitBitVect object at 0x12df745f0>,0.13131313131313133,0.6241530800431129,472.283826392,5,1,4.756000000000004,57.7,True
228,CHEMBL296394, COC(=O)C1C2CCC(CC1C1=CC=C(C=C1)C1=CC=C(OC)C=C1)N2C,<rdkit.Chem.rdchem.Mol object at 0x12c918eb0>,<rdkit.DataStructs.cDataStructs.ExplicitBitVect object at 0x12c9485f0>,0.38202247191011235,<rdkit.DataStructs.cDataStructs.ExplicitBitVect object at 0x12df747b0>,0.13253012048192772,0.45056715228523786,365.199093724,4,0,4.101500000000003,38.77,True
229,CHEMBL212405, CN[C@H](CN(C)[C@H](CNCC1=CC=CC=C1)CC1=CC=C(O)C=C1)CC1=CC=C(O)C=C1,<rdkit.Chem.rdchem.Mol object at 0x12c918f20>,<rdkit.DataStructs.cDataStructs.ExplicitBitVect object at 0x12c948660>,0.3953488372093023,<rdkit.DataStructs.cDataStructs.ExplicitBitVect object at 0x12df74890>,0.056818181818181816,0.5031806754551514,433.27292736,5,4,3.561200000000003,67.76,True
230,CHEMBL1813589, CN1CN(C2=CC=CC=C2)C2(CCN(CCCCOC3=CC=C4CCC(=O)NC4=C3)CC2)C1=O,<rdkit.Chem.rdchem.Mol object at 0x12c918f90>,<rdkit.DataStructs.cDataStructs.ExplicitBitVect object at 0x12c9486d0>,0.5473684210526316,<rdkit.DataStructs.cDataStructs.ExplicitBitVect object at 0x12df74970>,0.12371134020618557,0.6069535034987269,462.26309094799996,5,1,3.501000000000002,65.12,True
233,CHEMBL1916890, CN(C)C\C=C\C(=O)N(C)C1=CC=C2N=C(NC3=C(C)C(O)=CC=C3)C3=CN=CN3C2=C1,<rdkit.Chem.rdchem.Mol object at 0x12c9190e0>,<rdkit.DataStructs.cDataStructs.ExplicitBitVect object at 0x12c948820>,0.3917525773195876,<rdkit.DataStructs.cDataStructs.ExplicitBitVect object at 0x12df74c10>,0.08737864077669903,0.37419952701277476,430.21172407200004,7,2,3.720720000000002,86.0,True
239,CHEMBL382833, CCN(CC)CCCC(C)NC(=N)NC(=O)C1=CC=CC(F)=C1CCC1=CC(OC)=CC(OC)=C1,<rdkit.Chem.rdchem.Mol object at 0x12c919380>,<rdkit.DataStructs.cDataStructs.ExplicitBitVect object at 0x12c948ac0>,0.42424242424242425,<rdkit.DataStructs.cDataStructs.ExplicitBitVect object at 0x12df75150>,0.1326530612244898,0.4013794935951563,486.300619328,5,3,4.392770000000002,86.68,True
243,CHEMBL237716, CCCCCCN1CCCC2=CC(OC3=NC=C(C=C3)C(N)=O)=CC=C2C1,<rdkit.Chem.rdchem.Mol object at 0x12c919540>,<rdkit.DataStructs.cDataStructs.ExplicitBitVect object at 0x12c948c80>,0.4666666666666667,<rdkit.DataStructs.cDataStructs.ExplicitBitVect object at 0x12df754d0>,0.15053763440860216,0.5150124485204213,367.225977168,4,1,4.301300000000003,68.44999999999999,True
244,CHEMBL212098, CC1=C2C=C(C=CC2=NN1)C1=CN=CC(OCCC[C@@H](N)CC2=CC=CC=C2)=C1,<rdkit.Chem.rdchem.Mol object at 0x12c9195b0>,<rdkit.DataStructs.cDataStructs.ExplicitBitVect object at 0x12c948cf0>,0.42696629213483145,<rdkit.DataStructs.cDataStructs.ExplicitBitVect object at 0x12df755b0>,0.10638297872340426,0.4415682640244737,386.210661452,4,2,4.662320000000003,76.82,True
246,CHEMBL10872, CC(C)[C@@H](CN1CC[C@](C)([C@@H](C)C1)C1=CC(O)=CC=C1)NC(=O)[C@H]1CC2=C(CN1)C=CC=C2,<rdkit.Chem.rdchem.Mol object at 0x12c919690>,<rdkit.DataStructs.cDataStructs.ExplicitBitVect object at 0x12c948dd0>,0.4842105263157895,<rdkit.DataStructs.cDataStructs.ExplicitBitVect object at 0x12df75770>,0.10679611650485436,0.48243047125226907,449.30422748800004,4,3,3.847000000000002,64.6,True
247,CHEMBL400595, CC(C)N1C[C@H]([C@@H](C1)C1=CC=C(Cl)C=C1)C(=O)N1CCN(CC1)C1=C(CN2C=CC=N2)C=CC=C1,<rdkit.Chem.rdchem.Mol object at 0x12c919700>,<rdkit.DataStructs.cDataStructs.ExplicitBitVect object at 0x12c948e40>,0.4,<rdkit.DataStructs.cDataStructs.ExplicitBitVect object at 0x12df75850>,0.11,0.42584789402364487,491.2451883880001,5,0,4.357400000000004,44.61000000000001,True
250,CHEMBL487179, CC(=O)CCCCC[C@H](NC(=O)CCN1CCCCC1)C1=NC(=CN1)C1=CC=CC=C1,<rdkit.Chem.rdchem.Mol object at 0x12c919850>,<rdkit.DataStructs.cDataStructs.ExplicitBitVect object at 0x12c948f90>,0.44086021505376344,<rdkit.DataStructs.cDataStructs.ExplicitBitVect object at 0x12df75af0>,0.11458333333333333,0.4377540677931929,424.28382639200004,4,2,4.649500000000004,78.09,True
252,CHEMBL50588, [H][C@@]12C[C@H](C[C@H]3NCCC4=CC(OC)=C(OC)C=C34)[C@@H](CC)CN1CCC1=CC(OC)=C(OC)C=C21,<rdkit.Chem.rdchem.Mol object at 0x12c919930>,<rdkit.DataStructs.cDataStructs.ExplicitBitVect object at 0x12c949070>,0.5232558139534884,<rdkit.DataStructs.cDataStructs.ExplicitBitVect object at 0x12df75cb0>,0.14942528735632185,0.521934558148036,480.29880776,6,1,4.943400000000005,52.19,True
253,CHEMBL1766037, [H][C@@]12CC3=C(C=C4N=C(SC4=C3)N(C)C(C)=O)[C@]3(CCCC[C@@]13[H])CCN2CC1CC1,<rdkit.Chem.rdchem.Mol object at 0x12c9199a0>,<rdkit.DataStructs.cDataStructs.ExplicitBitVect object at 0x12c9490e0>,0.45054945054945056,<rdkit.DataStructs.cDataStructs.ExplicitBitVect object at 0x12df75d90>,0.10784313725490197,0.4423170788313102,409.21878361200004,4,0,4.747400000000004,36.440000000000005,True
255,CHEMBL541390, OC1=CC=C2C(CCCN3CCN(CC3)C3CCCCC3)=CC=CC2=C1,<rdkit.Chem.rdchem.Mol object at 0x12c919a80>,<rdkit.DataStructs.cDataStructs.ExplicitBitVect object at 0x12c9491c0>,0.37209302325581395,<rdkit.DataStructs.cDataStructs.ExplicitBitVect object at 0x12df75f50>,0.10344827586206896,0.5138068754831263,352.25146364399995,3,1,4.428300000000005,26.71,True
257,CHEMBL186654, OC1=CC=C(C=C1)N1CCN(CCCCC2=CNC3=CC=C(C=C23)C#N)CC1,<rdkit.Chem.rdchem.Mol object at 0x12c919b60>,<rdkit.DataStructs.cDataStructs.ExplicitBitVect object at 0x12c9492a0>,0.4111111111111111,<rdkit.DataStructs.cDataStructs.ExplicitBitVect object at 0x12df76110>,0.08602150537634409,0.4385204093013986,374.210661452,4,2,3.890080000000002,66.28999999999999,True
258,CHEMBL425201, O=C1NN=C(CCCCN2CCC(=CC2)C2=CC=CC=C2)C2=CC=CC=C12,<rdkit.Chem.rdchem.Mol object at 0x12c919bd0>,<rdkit.DataStructs.cDataStructs.ExplicitBitVect object at 0x12c949310>,0.3723404255319149,<rdkit.DataStructs.cDataStructs.ExplicitBitVect object at 0x12df761f0>,0.0898876404494382,0.43430122125313836,359.19976242,3,1,4.035100000000003,48.99,True
259,CHEMBL2334292, O=C1NC(=NC2=CC=C(C=C12)C1=CNN=C1)[C@@H]1CNC[C@H]1C1=CC=CC=C1,<rdkit.Chem.rdchem.Mol object at 0x12c919c40>,<rdkit.DataStructs.cDataStructs.ExplicitBitVect object at 0x12c949380>,0.3548387096774194,<rdkit.DataStructs.cDataStructs.ExplicitBitVect object at 0x12df762d0>,0.07608695652173914,0.4198327654154864,357.158960228,4,3,2.783800000000001,86.46000000000001,True
262,CHEMBL425650, NC(=O)NC1=CC2=C(NC(=O)\C2=C/C2=CC(=CN2)C2=CC(=CC=C2)C(=O)NCCN2CCCCC2)C=C1,<rdkit.Chem.rdchem.Mol object at 0x12c919d90>,<rdkit.DataStructs.cDataStructs.ExplicitBitVect object at 0x12c9494d0>,0.48936170212765956,<rdkit.DataStructs.cDataStructs.ExplicitBitVect object at 0x12df76570>,0.10185185185185185,0.41784863976157766,498.23793882,4,5,3.8807000000000036,132.35,True
263,CHEMBL237073, NC(=O)C1=CN=C(OC2=CC3=C(CN(CCC4=CC=CC=C4)CCC3)C=C2)C=C1,<rdkit.Chem.rdchem.Mol object at 0x12c919e00>,<rdkit.DataStructs.cDataStructs.ExplicitBitVect object at 0x12c949540>,0.4111111111111111,<rdkit.DataStructs.cDataStructs.ExplicitBitVect object at 0x12df76650>,0.11458333333333333,0.4392357759898974,387.19467704,4,1,3.9637000000000038,68.45,True
264,CHEMBL237066, NC(=O)C1=CC=C(OC2=CC=C(CCNCC3=CC=CC=C3)C=C2)N=C1,<rdkit.Chem.rdchem.Mol object at 0x12c919e70>,<rdkit.DataStructs.cDataStructs.ExplicitBitVect object at 0x12c9495b0>,0.36363636363636365,<rdkit.DataStructs.cDataStructs.ExplicitBitVect object at 0x12df76730>,0.07865168539325842,0.5197969433659421,347.16337691200005,4,2,3.305100000000002,77.24000000000001,True
265,CHEMBL2333897, FC1=CC=C(C=C1)[C@@H]1CNC[C@H]1C1=NC2=CC=C(C=C2C(=O)N1)C1=CNN=C1,<rdkit.Chem.rdchem.Mol object at 0x12c919ee0>,<rdkit.DataStructs.cDataStructs.ExplicitBitVect object at 0x12c949620>,0.3402061855670103,<rdkit.DataStructs.cDataStructs.ExplicitBitVect object at 0x12df76810>,0.07368421052631578,0.4042804340569924,375.14953841600004,4,3,2.9229000000000003,86.46,True
270,CHEMBL75286, COC1=CC=CC2=C(CCCN3CCN(CC3)C3CCCCC3)C=CC=C12,<rdkit.Chem.rdchem.Mol object at 0x12c91a110>,<rdkit.DataStructs.cDataStructs.ExplicitBitVect object at 0x12c949850>,0.4117647058823529,<rdkit.DataStructs.cDataStructs.ExplicitBitVect object at 0x12df76c70>,0.13095238095238096,0.40054838900351963,366.26711370799995,3,0,4.7313000000000045,15.71,True
271,CHEMBL2332068, COC1=CC=CC(CN(CCN(C)C)C(=O)NC2=CC=C(C=C2)C2=CNN=C2)=C1,<rdkit.Chem.rdchem.Mol object at 0x12c91a180>,<rdkit.DataStructs.cDataStructs.ExplicitBitVect object at 0x12c9498c0>,0.4583333333333333,<rdkit.DataStructs.cDataStructs.ExplicitBitVect object at 0x12df76d50>,0.10526315789473684,0.5245562376360559,393.21647510400004,4,2,3.681000000000002,73.49000000000001,True
278,CHEMBL2048808, COC1=CC=C(OCC(=O)N2CCC3(CN(CC4=CC=CC=C4)C3)CC2)C=C1,<rdkit.Chem.rdchem.Mol object at 0x12c91a490>,<rdkit.DataStructs.cDataStructs.ExplicitBitVect object at 0x12c949bd0>,0.41304347826086957,<rdkit.DataStructs.cDataStructs.ExplicitBitVect object at 0x12df77370>,0.11627906976744186,0.4875555685575236,380.209992756,4,0,3.1986000000000017,42.010000000000005,True
279,CHEMBL2426684, COC1=CC=C(CC(=O)N2CCC3(CN(C3)[C@@H]3CCC4=C3C=CC(=C4)N3N=CC=N3)CC2)C=C1,<rdkit.Chem.rdchem.Mol object at 0x12c91a500>,<rdkit.DataStructs.cDataStructs.ExplicitBitVect object at 0x12c949c40>,0.4639175257731959,<rdkit.DataStructs.cDataStructs.ExplicitBitVect object at 0x12df77450>,0.12,0.3724237160632432,457.2477752320001,6,0,3.4303000000000017,63.49,True
280,CHEMBL458361, COC1=CC=C(C=C1)[C@H]1CC[C@@H](CC1)N1CCN(CC1)C1=NC=CC=C1,<rdkit.Chem.rdchem.Mol object at 0x12c91a570>,<rdkit.DataStructs.cDataStructs.ExplicitBitVect object at 0x12c949cb0>,0.3595505617977528,<rdkit.DataStructs.cDataStructs.ExplicitBitVect object at 0x12df77530>,0.10714285714285714,0.5582657911349778,351.231062548,4,0,3.9386000000000028,28.6,True
283,CHEMBL2436624, COC1=CC2=C(CCCN(C2)C2CCN(CC2)C(=O)C2(F)CCN(CC3=CC(N)=NC=C3)CC2)C=C1,<rdkit.Chem.rdchem.Mol object at 0x12c91a6c0>,<rdkit.DataStructs.cDataStructs.ExplicitBitVect object at 0x12c949e00>,0.41414141414141414,<rdkit.DataStructs.cDataStructs.ExplicitBitVect object at 0x12df777d0>,0.13333333333333333,0.44958102167320835,495.30095367600006,6,1,3.4159000000000006,74.93,True
285,CHEMBL2387250, COC1=C(C=CC=C1)N1CCN(CCCCOC2=CC=C3C=CC(=O)OC3=C2)CC1,<rdkit.Chem.rdchem.Mol object at 0x12c91a7a0>,<rdkit.DataStructs.cDataStructs.ExplicitBitVect object at 0x12c949ee0>,0.46153846153846156,<rdkit.DataStructs.cDataStructs.ExplicitBitVect object at 0x12df77990>,0.14444444444444443,0.5221780165020016,408.20490737599994,6,0,3.7828000000000026,55.150000000000006,True
286,CHEMBL3092833, CNC(=O)C1=CC=C(OC2=CC=C3CCN(CCC3=C2)C2CCCC2)N=C1,<rdkit.Chem.rdchem.Mol object at 0x12c91a810>,<rdkit.DataStructs.cDataStructs.ExplicitBitVect object at 0x12c949f50>,0.42857142857142855,<rdkit.DataStructs.cDataStructs.ExplicitBitVect object at 0x12df77a70>,0.13333333333333333,0.6295638598299718,365.21032710400004,4,1,3.5767000000000024,54.46,True
288,CHEMBL2018298, CN1CCC2=C(C1)C1=CC(=CC=C1N2CC1=CC=C(C=C1)C(=O)NO)C(C)(C)C,<rdkit.Chem.rdchem.Mol object at 0x12c91a8f0>,<rdkit.DataStructs.cDataStructs.ExplicitBitVect object at 0x12c94a030>,0.4631578947368421,<rdkit.DataStructs.cDataStructs.ExplicitBitVect object at 0x12df77c30>,0.14444444444444443,0.2734341695046849,391.225977168,4,2,4.094000000000002,57.5,True
289,CHEMBL487777, CN1CCC(CC1)C(=O)N[C@@H](CCCCCC(C)=O)C1=NC(=CN1)C1=NC=CC=C1,<rdkit.Chem.rdchem.Mol object at 0x12c91a960>,<rdkit.DataStructs.cDataStructs.ExplicitBitVect object at 0x12c94a0a0>,0.45161290322580644,<rdkit.DataStructs.cDataStructs.ExplicitBitVect object at 0x12df77d10>,0.1326530612244898,0.5146653164237277,411.2634252960001,5,2,3.5103000000000018,90.98,True
290,CHEMBL486149, CN1CCC(CC1)C(=O)N[C@@H](CCCCCC(C)=O)C1=NC(=CN1)C1=CC=C(F)C=C1,<rdkit.Chem.rdchem.Mol object at 0x12c91a9d0>,<rdkit.DataStructs.cDataStructs.ExplicitBitVect object at 0x12c94a110>,0.4375,<rdkit.DataStructs.cDataStructs.ExplicitBitVect object at 0x12df77df0>,0.13402061855670103,0.4482082224819321,428.25875451600007,4,2,4.254400000000003,78.09,True
291,CHEMBL469742, CN1CCC(C1)C(=O)N[C@@H](CCCCCC(C)=O)C1=NC(=CN1)C1=CC=CC=C1,<rdkit.Chem.rdchem.Mol object at 0x12c91aa40>,<rdkit.DataStructs.cDataStructs.ExplicitBitVect object at 0x12c94a180>,0.45652173913043476,<rdkit.DataStructs.cDataStructs.ExplicitBitVect object at 0x12df77ed0>,0.13541666666666666,0.6086248617411832,396.252526264,4,2,3.725200000000002,78.09,True
292,CHEMBL2147196, CN1C(=O)C2=C(N=C(N2CC2=CC=CC=C2Cl)N2CCC[C@@H](N)C2)C2=CC=C(C=C12)C(N)=O,<rdkit.Chem.rdchem.Mol object at 0x12c91aab0>,<rdkit.DataStructs.cDataStructs.ExplicitBitVect object at 0x12c94a1f0>,0.47959183673469385,<rdkit.DataStructs.cDataStructs.ExplicitBitVect object at 0x12df78040>,0.125,0.40909922763639667,464.17275172,7,2,2.6163,112.16999999999999,True
293,CHEMBL3263725, CN(CC1=CC=CC=C1)CC1=CC=C(C=C1)C(=O)NCCC1=CNC2=CC=C(O)C=C12,<rdkit.Chem.rdchem.Mol object at 0x12c91ab20>,<rdkit.DataStructs.cDataStructs.ExplicitBitVect object at 0x12c94a260>,0.4111111111111111,<rdkit.DataStructs.cDataStructs.ExplicitBitVect object at 0x12df78120>,0.0851063829787234,0.3969315834913433,413.210327104,3,3,4.478000000000004,68.36,True
295,CHEMBL591355, CN(C)CC1=CC=C(NC(=O)C2=CC(CNC(=O)NC3=CC=C(C(N)=O)C(Cl)=C3)=CC=C2)C=C1,<rdkit.Chem.rdchem.Mol object at 0x12c91ac00>,<rdkit.DataStructs.cDataStructs.ExplicitBitVect object at 0x12c94a340>,0.3263157894736842,<rdkit.DataStructs.cDataStructs.ExplicitBitVect object at 0x12df782e0>,0.10638297872340426,0.518190596541123,479.172417372,4,4,4.074500000000001,116.56,True
296,CHEMBL2333904, CCN[C@H](CC1=CC=C(Cl)C=C1)C1=NC2=CC=C(C=C2C(=O)N1)C1=CNN=C1,<rdkit.Chem.rdchem.Mol object at 0x12c91ac70>,<rdkit.DataStructs.cDataStructs.ExplicitBitVect object at 0x12c94a3b0>,0.38144329896907214,<rdkit.DataStructs.cDataStructs.ExplicitBitVect object at 0x12df783c0>,0.11578947368421053,0.4307788558937298,393.13563794000004,4,3,3.8599000000000014,86.46,True
297,CHEMBL589984, CCN1CCN(CC1)C(=O)C1=CC(COC2=CC=C3NC(=O)C=C(C)C3=C2)=CC=C1,<rdkit.Chem.rdchem.Mol object at 0x12c91ace0>,<rdkit.DataStructs.cDataStructs.ExplicitBitVect object at 0x12c94a420>,0.48863636363636365,<rdkit.DataStructs.cDataStructs.ExplicitBitVect object at 0x12df784a0>,0.10416666666666667,0.4181115832661266,405.20524172399996,4,1,3.193220000000001,65.64,True
300,CHEMBL178397, CC1=NC(C2=CC=C(CN3CCC(CC3)N3C(=O)NC4=CC=CC=C34)C=C2)=C(NC1=O)C1=CC=CC=C1,<rdkit.Chem.rdchem.Mol object at 0x12c91ae30>,<rdkit.DataStructs.cDataStructs.ExplicitBitVect object at 0x12c94a570>,0.4673913043478261,<rdkit.DataStructs.cDataStructs.ExplicitBitVect object at 0x12df78740>,0.09090909090909091,0.5670107153148335,491.23212516800004,5,2,4.892420000000004,86.78,True
302,CHEMBL326471, CC(C)[C@@H](CN1CC[C@](C)([C@@H](C)C1)C1=CC(O)=CC=C1)NC(=O)[C@@H]1CC2=C(CN1)C=C(O)C=C2,<rdkit.Chem.rdchem.Mol object at 0x12c91af10>,<rdkit.DataStructs.cDataStructs.ExplicitBitVect object at 0x12c94a650>,0.49473684210526314,<rdkit.DataStructs.cDataStructs.ExplicitBitVect object at 0x12df78900>,0.10576923076923077,0.4459111353736036,465.299142108,5,4,3.5526000000000018,84.83,True
303,CHEMBL1831158, CC(=O)C1=CC=C2N(CCCCN3CCN(CC3)C3CCCCC3)C=CC2=C1,<rdkit.Chem.rdchem.Mol object at 0x12c91af80>,<rdkit.DataStructs.cDataStructs.ExplicitBitVect object at 0x12c94a6c0>,0.37209302325581395,<rdkit.DataStructs.cDataStructs.ExplicitBitVect object at 0x12df789e0>,0.12643678160919541,0.537076682050629,381.27801274,4,0,4.574400000000004,28.480000000000004,True
305,CHEMBL603673, [H][C@]12CCC[C@@]([H])(CC(C1)NC(=O)C1=NN(C)C3=CC(O)=CC=C13)N2C,<rdkit.Chem.rdchem.Mol object at 0x12c91b060>,<rdkit.DataStructs.cDataStructs.ExplicitBitVect object at 0x12c94a7a0>,0.4673913043478261,<rdkit.DataStructs.cDataStructs.ExplicitBitVect object at 0x12df78ba0>,0.12790697674418605,0.591141121965416,328.189926008,5,2,2.024,70.39,True
306,CHEMBL430005, [H][C@@]12C[C@@]([H])(C(CN3CCC(CC3)NC(=O)NC3=CC=CC(=C3)C(C)=O)=CC1)C2(C)C,<rdkit.Chem.rdchem.Mol object at 0x12c91b0d0>,<rdkit.DataStructs.cDataStructs.ExplicitBitVect object at 0x12c94a810>,0.4020618556701031,<rdkit.DataStructs.cDataStructs.ExplicitBitVect object at 0x12df78c80>,0.10416666666666667,0.3700188708199746,395.257277296,3,2,4.467500000000003,61.440000000000005,True
307,CHEMBL496896, [H][C@@]12CC[C@@](C)([C@@H](C1)NC1CCN(CC3=CC=C(OC)C=C3F)CC1)C2(C)C,<rdkit.Chem.rdchem.Mol object at 0x12c91b140>,<rdkit.DataStructs.cDataStructs.ExplicitBitVect object at 0x12c94a880>,0.4673913043478261,<rdkit.DataStructs.cDataStructs.ExplicitBitVect object at 0x12df78d60>,0.11956521739130435,0.547322106855828,374.27334196,3,1,4.603100000000005,24.5,True
308,CHEMBL471654, [H][C@@]12CC[C@@](C)([C@@H](C1)NC1CCN(CC3=CC=C(OC)C=C3)CC1)C2(C)C,<rdkit.Chem.rdchem.Mol object at 0x12c91b1b0>,<rdkit.DataStructs.cDataStructs.ExplicitBitVect object at 0x12c94a8f0>,0.4772727272727273,<rdkit.DataStructs.cDataStructs.ExplicitBitVect object at 0x12df78e40>,0.12790697674418605,0.6389404633844531,356.28276377199995,3,1,4.464000000000004,24.5,True
311,CHEMBL1257492, O=C1NCC2=CC=C(OCCCCN3CCN(CC3)C3=CC=CC4=C3CCO4)C=C12,<rdkit.Chem.rdchem.Mol object at 0x12c91b300>,<rdkit.DataStructs.cDataStructs.ExplicitBitVect object at 0x12c94aa40>,0.5,<rdkit.DataStructs.cDataStructs.ExplicitBitVect object at 0x12df790e0>,0.11224489795918367,0.42324341530645654,407.22089178799996,5,1,2.8461000000000007,54.040000000000006,True
312,CHEMBL1087454, O=C1NC2=CC=CC(N3CCN(CCCCOC4=CC=C5CCC(=O)NC5=C4)CC3)=C2O1,<rdkit.Chem.rdchem.Mol object at 0x12c91b370>,<rdkit.DataStructs.cDataStructs.ExplicitBitVect object at 0x12c94aab0>,0.5104166666666666,<rdkit.DataStructs.cDataStructs.ExplicitBitVect object at 0x12df791c0>,0.1111111111111111,0.5939935313727667,436.21105537599993,6,2,2.987000000000001,90.81000000000002,True
313,CHEMBL2436622, NC1=NC=CC(CN2CCC(F)(CC2)C(=O)N2CCC(CC2)N2CCC3=C(CC2)C=CC=C3)=C1,<rdkit.Chem.rdchem.Mol object at 0x12c91b3e0>,<rdkit.DataStructs.cDataStructs.ExplicitBitVect object at 0x12c94ab20>,0.35051546391752575,<rdkit.DataStructs.cDataStructs.ExplicitBitVect object at 0x12df792a0>,0.10309278350515463,0.568785057374931,465.29038899200003,5,1,3.059700000000002,65.7,True
314,CHEMBL3235739, NC(=O)[C@@H]1CCCN1C(=O)CCCCCN1CCN(CC1)C1=CC=CC(Cl)=C1Cl,<rdkit.Chem.rdchem.Mol object at 0x12c91b450>,<rdkit.DataStructs.cDataStructs.ExplicitBitVect object at 0x12c94ab90>,0.41304347826086957,<rdkit.DataStructs.cDataStructs.ExplicitBitVect object at 0x12df79380>,0.13186813186813187,0.4309227783428947,440.17458156,4,1,3.152100000000001,69.88,True
316,CHEMBL237294, NC(=O)C1=CN=C(OC2=CC3=C(CCN(CCC4=CC=CC=C4)CC3)C=C2)C=C1,<rdkit.Chem.rdchem.Mol object at 0x12c91b530>,<rdkit.DataStructs.cDataStructs.ExplicitBitVect object at 0x12c94ac70>,0.4111111111111111,<rdkit.DataStructs.cDataStructs.ExplicitBitVect object at 0x12df79540>,0.11956521739130435,0.5221141353340535,387.19467704,4,1,3.616100000000003,68.45,True
317,CHEMBL26599, NC(=O)C1=C2CCCCN2C2=C(N=CN=C12)N1CCN(CCC2=CC=C(F)C(F)=C2)CC1,<rdkit.Chem.rdchem.Mol object at 0x12c91b5a0>,<rdkit.DataStructs.cDataStructs.ExplicitBitVect object at 0x12c94ace0>,0.4,<rdkit.DataStructs.cDataStructs.ExplicitBitVect object at 0x12df79620>,0.09,0.5229806114557526,440.213615892,6,1,2.5094000000000003,80.28,True
318,CHEMBL1258879, FC1=CC=CC2=CC=CC(N3CCN(CCCCOC4=CC5=C(CNC5=O)C=C4)CC3)=C12,<rdkit.Chem.rdchem.Mol object at 0x12c91b610>,<rdkit.DataStructs.cDataStructs.ExplicitBitVect object at 0x12c94ad50>,0.46236559139784944,<rdkit.DataStructs.cDataStructs.ExplicitBitVect object at 0x12df79700>,0.11458333333333333,0.5480716817301212,433.21655535599996,4,1,4.203500000000004,44.81,True
319,CHEMBL1112, ClC1=CC=CC(N2CCN(CCCCOC3=CC=C4CCC(=O)NC4=C3)CC2)=C1Cl,<rdkit.Chem.rdchem.Mol object at 0x12c91b680>,<rdkit.DataStructs.cDataStructs.ExplicitBitVect object at 0x12c94adc0>,0.4574468085106383,<rdkit.DataStructs.cDataStructs.ExplicitBitVect object at 0x12df797e0>,0.12903225806451613,0.5442081365127415,447.14803246400004,4,1,4.859300000000004,44.81,True
320,CHEMBL2333898, ClC1=CC=C(C=C1)[C@@H]1CNC[C@H]1C1=NC2=CC=C(C=C2C(=O)N1)C1=CNN=C1,<rdkit.Chem.rdchem.Mol object at 0x12c91b6f0>,<rdkit.DataStructs.cDataStructs.ExplicitBitVect object at 0x12c94ae30>,0.3402061855670103,<rdkit.DataStructs.cDataStructs.ExplicitBitVect object at 0x12df798c0>,0.0851063829787234,0.39431158020443935,391.11998787600004,4,3,3.4372000000000007,86.46,True
325,CHEMBL1950747, C[C@H]1CC(=O)NN=C1C1=CC=C(OC2CCN(CC2)C2CCC2)C=C1,<rdkit.Chem.rdchem.Mol object at 0x12c91b920>,<rdkit.DataStructs.cDataStructs.ExplicitBitVect object at 0x12c94b060>,0.45652173913043476,<rdkit.DataStructs.cDataStructs.ExplicitBitVect object at 0x12df79d20>,0.0898876404494382,0.4556877819096205,341.210327104,4,1,2.942400000000002,53.93,True
328,CHEMBL2031475, C[C@@H]1CCCN1CCCOC1=CC=C2C(CCC3CC(=O)NN=C23)=C1,<rdkit.Chem.rdchem.Mol object at 0x12c91ba70>,<rdkit.DataStructs.cDataStructs.ExplicitBitVect object at 0x12c94b1b0>,0.5555555555555556,<rdkit.DataStructs.cDataStructs.ExplicitBitVect object at 0x12df79fc0>,0.18888888888888888,0.5955344701549614,341.21032710400004,4,1,2.7262000000000004,53.93,True
331,CHEMBL1813594, COC1=CC=CC=C1N1CCN(CCCCOC2=CC=C3C=CC(=O)NC3=C2)CC1,<rdkit.Chem.rdchem.Mol object at 0x12c91bbc0>,<rdkit.DataStructs.cDataStructs.ExplicitBitVect object at 0x12c94b300>,0.4835164835164835,<rdkit.DataStructs.cDataStructs.ExplicitBitVect object at 0x12df7a260>,0.14606741573033707,0.5172700538587751,407.220891788,5,1,3.517900000000002,57.800000000000004,True
332,CHEMBL3235731, COC1=CC=CC=C1N1CCN(CCCCCC(=O)N2CCC[C@H]2C(N)=O)CC1,<rdkit.Chem.rdchem.Mol object at 0x12c91bc30>,<rdkit.DataStructs.cDataStructs.ExplicitBitVect object at 0x12c94b370>,0.5,<rdkit.DataStructs.cDataStructs.ExplicitBitVect object at 0x12df7a340>,0.15555555555555556,0.4364556826801199,402.26309094799996,5,1,1.8539000000000003,79.11000000000001,True
333,CHEMBL2332094, COC1=CC=CC(CNC(=O)N(CCN(C)C)C2=CC=C(C=C2)C2=CNN=C2)=C1,<rdkit.Chem.rdchem.Mol object at 0x12c91bca0>,<rdkit.DataStructs.cDataStructs.ExplicitBitVect object at 0x12c94b3e0>,0.46875,<rdkit.DataStructs.cDataStructs.ExplicitBitVect object at 0x12df7a420>,0.10526315789473684,0.5341488747779006,393.21647510400004,4,2,3.363100000000002,73.49000000000001,True
335,CHEMBL3263726, COC1=CC=C2NC=C(CCNC(=O)C3=CC=C(CN(C)CC4=CC=CC=C4)C=C3)C2=C1,<rdkit.Chem.rdchem.Mol object at 0x12c91bd80>,<rdkit.DataStructs.cDataStructs.ExplicitBitVect object at 0x12c94b4c0>,0.43820224719101125,<rdkit.DataStructs.cDataStructs.ExplicitBitVect object at 0x12df7a5e0>,0.10526315789473684,0.4670705024535225,427.225977168,3,2,4.781000000000004,57.36,True
336,CHEMBL258600, COC1=CC=C2N=C(NCCCN3CCN(CC3)C3=C(OC)C=CC=C3)C=CC2=C1,<rdkit.Chem.rdchem.Mol object at 0x12c91bdf0>,<rdkit.DataStructs.cDataStructs.ExplicitBitVect object at 0x12c94b530>,0.45652173913043476,<rdkit.DataStructs.cDataStructs.ExplicitBitVect object at 0x12df7a6c0>,0.13333333333333333,0.4205344734169012,406.2368762,6,1,3.8762000000000034,49.86,True
337,CHEMBL2048809, COC1=CC=C(OCC(=O)N2CCC3(CN(CC4=C(Cl)C=CC=C4)C3)CC2)C=C1,<rdkit.Chem.rdchem.Mol object at 0x12c91be60>,<rdkit.DataStructs.cDataStructs.ExplicitBitVect object at 0x12c94b5a0>,0.4166666666666667,<rdkit.DataStructs.cDataStructs.ExplicitBitVect object at 0x12df7a7a0>,0.1111111111111111,0.4215023802511773,414.171020404,4,0,3.852000000000003,42.010000000000005,True
339,CHEMBL2442142, COC1=CC=C(CC[C@@H]2C[C@@H](CCC3=CC=C(OC)C=C3)N2)C=C1,<rdkit.Chem.rdchem.Mol object at 0x12c91bf40>,<rdkit.DataStructs.cDataStructs.ExplicitBitVect object at 0x12c94b680>,0.3023255813953488,<rdkit.DataStructs.cDataStructs.ExplicitBitVect object at 0x12df7a960>,0.11428571428571428,0.4810458341217077,325.20417910400005,3,1,3.9997000000000034,30.490000000000002,True
342,CHEMBL2158704, COC1=CC=C(C=C1)N1CCN(CC[C@@H](OC(N)=O)C2=CC=CC=C2)CC1,<rdkit.Chem.rdchem.Mol object at 0x12c91c120>,<rdkit.DataStructs.cDataStructs.ExplicitBitVect object at 0x12c94b7d0>,0.4666666666666667,<rdkit.DataStructs.cDataStructs.ExplicitBitVect object at 0x12df7ac00>,0.1566265060240964,0.4521026659462945,369.205241724,5,1,3.0439000000000016,68.03,True
343,CHEMBL245356, COC1=CC=C(C=C1)C1=CN=C(N=C1)N1CC(N)C(C1)C1=C(Cl)C=C(Cl)C=C1,<rdkit.Chem.rdchem.Mol object at 0x12c91c190>,<rdkit.DataStructs.cDataStructs.ExplicitBitVect object at 0x12c94b840>,0.4,<rdkit.DataStructs.cDataStructs.ExplicitBitVect object at 0x12df7ace0>,0.16470588235294117,0.3757462866202626,414.10141662,5,1,4.390100000000002,64.27000000000001,True
345,CHEMBL2436625, COC1=CC2=C(CN(CCC2)C2CCN(CC2)C(=O)C2(F)CCN(CC3=CC(N)=NC=C3)CC2)C=C1,<rdkit.Chem.rdchem.Mol object at 0x12c91c270>,<rdkit.DataStructs.cDataStructs.ExplicitBitVect object at 0x12c94b920>,0.41414141414141414,<rdkit.DataStructs.cDataStructs.ExplicitBitVect object at 0x12df7aea0>,0.13333333333333333,0.42643428142155704,495.30095367600006,6,1,3.4159000000000006,74.93,True
347,CHEMBL1934334, COC1=CC(=CC=C1NC1=NN2C(=CC=C2C2=CC=CC=C2OC)C=N1)C1CCN(CC(N)=O)CC1,<rdkit.Chem.rdchem.Mol object at 0x12c91c350>,<rdkit.DataStructs.cDataStructs.ExplicitBitVect object at 0x12c94ba00>,0.5578947368421052,<rdkit.DataStructs.cDataStructs.ExplicitBitVect object at 0x12df7b060>,0.13861386138613863,0.5215718688519808,486.23793882,8,2,3.8218000000000014,107.01000000000002,True
348,CHEMBL2158513, COC1=CC(=CC=C1NC1=NN2C(=CC=C2C2=CC=CC=C2C#N)C=N1)C1CCN(CC(N)=O)CC1,<rdkit.Chem.rdchem.Mol object at 0x12c91c3c0>,<rdkit.DataStructs.cDataStructs.ExplicitBitVect object at 0x12c94ba70>,0.5208333333333334,<rdkit.DataStructs.cDataStructs.ExplicitBitVect object at 0x12df7b140>,0.12962962962962962,0.4644542641293656,481.2226231040001,8,2,3.6848800000000015,121.57,True
349,CHEMBL3218886, COC1=CC(=CC=C1)N1C=C2N=C(N(CC3CCCN(C3)C(C)C)C(=O)C2=N1)C1=CC=CC=C1C,<rdkit.Chem.rdchem.Mol object at 0x12c91c430>,<rdkit.DataStructs.cDataStructs.ExplicitBitVect object at 0x12c94bae0>,0.4845360824742268,<rdkit.DataStructs.cDataStructs.ExplicitBitVect object at 0x12df7b220>,0.11320754716981132,0.5246614563004683,471.26342529600004,7,0,4.686620000000004,65.18,True
350,CHEMBL3109638, COC1=C(OCCCN2CC[C@H](F)C2)C=C2N=C(N)C3(CCC3)C2=C1,<rdkit.Chem.rdchem.Mol object at 0x12c91c4a0>,<rdkit.DataStructs.cDataStructs.ExplicitBitVect object at 0x12c94bb50>,0.47368421052631576,<rdkit.DataStructs.cDataStructs.ExplicitBitVect object at 0x12df7b300>,0.19540229885057472,0.6571936238607885,347.20090529199996,5,1,2.9319000000000015,60.08,True
351,CHEMBL226577, COC1=C(C[C@H](N)COC2=CN=CC(=C2)C2=CC3=C(C)NN=C3C=C2)C=C(F)C=C1,<rdkit.Chem.rdchem.Mol object at 0x12c91c510>,<rdkit.DataStructs.cDataStructs.ExplicitBitVect object at 0x12c94bbc0>,0.41304347826086957,<rdkit.DataStructs.cDataStructs.ExplicitBitVect object at 0x12df7b3e0>,0.08,0.5851962672386513,406.1805041960001,5,2,4.029820000000003,86.05,True
352,CHEMBL2387253, COC1=C(C=CC=C1)N1CCN(CCCCOC2=CC=C3C(C)=CC(=O)OC3=C2)CC1,<rdkit.Chem.rdchem.Mol object at 0x12c91c580>,<rdkit.DataStructs.cDataStructs.ExplicitBitVect object at 0x12c94bc30>,0.4725274725274725,<rdkit.DataStructs.cDataStructs.ExplicitBitVect object at 0x12df7b4c0>,0.15217391304347827,0.4022992087793681,422.22055743999994,6,0,4.091220000000003,55.150000000000006,True
353,CHEMBL211696, CNC[C@H](CC1=CC=CC=C1)N(C)C[C@@H](CC1=CC=C(O)C=C1)N(C)C[C@@H](N)CC1=CC=C(O)C=C1,<rdkit.Chem.rdchem.Mol object at 0x12c91c5f0>,<rdkit.DataStructs.cDataStructs.ExplicitBitVect object at 0x12c94bca0>,0.39080459770114945,<rdkit.DataStructs.cDataStructs.ExplicitBitVect object at 0x12df7b5a0>,0.06976744186046512,0.5373784561108085,490.330776584,6,4,3.273200000000001,84.99000000000001,True
354,CHEMBL386152, CNC[C@H](CC1=CC=C(O)C=C1)N(C[C@@H](N)CC1=CC=C(O)C=C1)CC1=CC=CC=C1,<rdkit.Chem.rdchem.Mol object at 0x12c91c660>,<rdkit.DataStructs.cDataStructs.ExplicitBitVect object at 0x12c94bd10>,0.38372093023255816,<rdkit.DataStructs.cDataStructs.ExplicitBitVect object at 0x12df7b680>,0.06976744186046512,0.5324883630272812,419.257277296,5,4,3.3005000000000013,81.75,True
357,CHEMBL2407983, CNC(=O)C1=CC(C)=C(C=C1)N1CCN(CC2=CC3=C(OC(C)C(=O)N3)C(C)=C2)CC1,<rdkit.Chem.rdchem.Mol object at 0x12c91c7b0>,<rdkit.DataStructs.cDataStructs.ExplicitBitVect object at 0x12c94be60>,0.4838709677419355,<rdkit.DataStructs.cDataStructs.ExplicitBitVect object at 0x12df7b920>,0.11224489795918367,0.49966484603068934,422.23179081999996,5,2,2.7046400000000013,73.91,True
359,CHEMBL2018297, CN1CCC2=C(C1)C1=C(C)C=C(C)C=C1N2CC1=CC=C(C=C1)C(=O)NO,<rdkit.Chem.rdchem.Mol object at 0x12c91c890>,<rdkit.DataStructs.cDataStructs.ExplicitBitVect object at 0x12c94bf40>,0.4731182795698925,<rdkit.DataStructs.cDataStructs.ExplicitBitVect object at 0x12df7bae0>,0.14606741573033707,0.5194867649872896,363.19467704,4,2,3.4133400000000016,57.5,True
361,CHEMBL1916889, CN(C)C\C=C\C(=O)N(C)C1=CC=C2N=C(NC3=C(C)C=C(O)C=C3)C3=CN=CN3C2=C1,<rdkit.Chem.rdchem.Mol object at 0x12c91c970>,<rdkit.DataStructs.cDataStructs.ExplicitBitVect object at 0x12c94c0b0>,0.3854166666666667,<rdkit.DataStructs.cDataStructs.ExplicitBitVect object at 0x12df7bca0>,0.07692307692307693,0.426424282939164,430.21172407200004,7,2,3.720720000000002,86.0,True
362,CHEMBL1921893, CC[C@H]1CN([C@H](CC)CN1C1CCN(CC1)C(=O)C1=CC=C(Cl)C=C1)C1=C(C)N=C(C=N1)C(N)=O,<rdkit.Chem.rdchem.Mol object at 0x12c91c9e0>,<rdkit.DataStructs.cDataStructs.ExplicitBitVect object at 0x12c94c120>,0.41237113402061853,<rdkit.DataStructs.cDataStructs.ExplicitBitVect object at 0x12df7bd80>,0.12244897959183673,0.4703428569804084,498.25100204000006,6,1,3.521320000000002,95.66,True
363,CHEMBL1921892, CC[C@H]1CN([C@H](C)CN1C1CCN(CC1)C(=O)C1=CC=C(Cl)C=C1)C1=C(C)N=C(C=N1)C(N)=O,<rdkit.Chem.rdchem.Mol object at 0x12c91ca50>,<rdkit.DataStructs.cDataStructs.ExplicitBitVect object at 0x12c94c190>,0.422680412371134,<rdkit.DataStructs.cDataStructs.ExplicitBitVect object at 0x12df7be60>,0.1188118811881188,0.5395514261036195,484.23535197600006,6,1,3.131220000000001,95.66,True
364,CHEMBL1921888, CC[C@H]1CN(CCN1C1CCN(CC1)C(=O)C1=CC=C(Cl)C=C1)C1=C(C)N=C(C=N1)C(N)=O,<rdkit.Chem.rdchem.Mol object at 0x12c91cac0>,<rdkit.DataStructs.cDataStructs.ExplicitBitVect object at 0x12c94c200>,0.4166666666666667,<rdkit.DataStructs.cDataStructs.ExplicitBitVect object at 0x12df7bf40>,0.12121212121212122,0.5488081245136655,470.21970191200006,6,1,2.7427200000000003,95.66,True
365,CHEMBL1921889, CC[C@H]1CN(CCN1C1CCN(CC1)C(=O)C1=CC=C(Cl)C=C1)C1=C(C)N=C(C=N1)C(=O)NC,<rdkit.Chem.rdchem.Mol object at 0x12c91cb30>,<rdkit.DataStructs.cDataStructs.ExplicitBitVect object at 0x12c94c270>,0.41237113402061853,<rdkit.DataStructs.cDataStructs.ExplicitBitVect object at 0x12df7c0b0>,0.13,0.4818934869815681,484.23535197600006,6,1,3.003420000000001,81.67,True
368,CHEMBL2407984, CCNC(=O)C1=CC(C)=C(C=C1)N1CCN(CC2=CC3=C(OC(C)C(=O)N3)C(C)=C2)CC1,<rdkit.Chem.rdchem.Mol object at 0x12c91cc80>,<rdkit.DataStructs.cDataStructs.ExplicitBitVect object at 0x12c94c3c0>,0.4946236559139785,<rdkit.DataStructs.cDataStructs.ExplicitBitVect object at 0x12df7c350>,0.14432989690721648,0.5351195259308468,436.24744088399996,5,2,3.0947400000000016,73.91,True
370,CHEMBL3116458, CCN(CC1CCN(CC2=CC=C(Cl)C=C2)CC1)C(=O)C1=CC=C(OC)C=C1,<rdkit.Chem.rdchem.Mol object at 0x12c91cd60>,<rdkit.DataStructs.cDataStructs.ExplicitBitVect object at 0x12c94c4a0>,0.38461538461538464,<rdkit.DataStructs.cDataStructs.ExplicitBitVect object at 0x12df7c510>,0.1511627906976744,0.5022203213144253,400.19175584799996,3,0,4.7229000000000045,32.78,True
371,CHEMBL7802, CCN(CC)CCNC1=C2C3=C(C=C1)N=CN3C1=CC(O)=CC=C1C2=O,<rdkit.Chem.rdchem.Mol object at 0x12c91cdd0>,<rdkit.DataStructs.cDataStructs.ExplicitBitVect object at 0x12c94c510>,0.4888888888888889,<rdkit.DataStructs.cDataStructs.ExplicitBitVect object at 0x12df7c5f0>,0.0967741935483871,0.5661629552740314,350.17427594399993,6,2,2.8980000000000006,69.87,True
372,CHEMBL123853, CCN(CC)CCCNC1=CC=C2N=CN3C2=C1C(=O)C1=CC(O)=CC=C31,<rdkit.Chem.rdchem.Mol object at 0x12c91ce40>,<rdkit.DataStructs.cDataStructs.ExplicitBitVect object at 0x12c94c580>,0.4835164835164835,<rdkit.DataStructs.cDataStructs.ExplicitBitVect object at 0x12df7c6d0>,0.10638297872340426,0.5352924616897027,364.189926008,6,2,3.288100000000001,69.87,True
373,CHEMBL568822, CCCN(CCN1CCN(CC1)C1=C2C=CC=NC2=CC=C1)C1CCC2=C(C1)C=C(O)C=C2,<rdkit.Chem.rdchem.Mol object at 0x12c91ceb0>,<rdkit.DataStructs.cDataStructs.ExplicitBitVect object at 0x12c94c5f0>,0.42696629213483145,<rdkit.DataStructs.cDataStructs.ExplicitBitVect object at 0x12df7c7b0>,0.09803921568627451,0.5642130067234715,444.28891177199995,5,1,4.331900000000005,42.84,True
374,CHEMBL2152757, CCCN(CCN1CCN(CC1)C(=O)C1=CNC2=CC=C(O)C=C12)C1CCC2=C(C1)SC(N)=N2,<rdkit.Chem.rdchem.Mol object at 0x12c91cf20>,<rdkit.DataStructs.cDataStructs.ExplicitBitVect object at 0x12c94c660>,0.5376344086021505,<rdkit.DataStructs.cDataStructs.ExplicitBitVect object at 0x12df7c890>,0.12962962962962962,0.5595768150812349,482.246395328,7,3,2.9395000000000007,101.72,True
375,CHEMBL2397476, CCCN(CCCCNC(=O)C1=C2C=CC=CN2N=C1)[C@H]1CCC(=CC1)C#C,<rdkit.Chem.rdchem.Mol object at 0x12c91cf90>,<rdkit.DataStructs.cDataStructs.ExplicitBitVect object at 0x12c94c6d0>,0.44086021505376344,<rdkit.DataStructs.cDataStructs.ExplicitBitVect object at 0x12df7c970>,0.12745098039215685,0.5334185020385629,378.24196158,4,1,3.6684000000000028,49.64,True
379,CHEMBL2407985, CC1OC2=C(NC1=O)C=C(CN1CCN(CC1)C1=C(C)C=C(C=C1)C(=O)NC1CC1)C=C2C,<rdkit.Chem.rdchem.Mol object at 0x12c91d150>,<rdkit.DataStructs.cDataStructs.ExplicitBitVect object at 0x12c94c890>,0.47368421052631576,<rdkit.DataStructs.cDataStructs.ExplicitBitVect object at 0x12df7ccf0>,0.10891089108910891,0.47328338664855574,448.24744088399996,5,2,3.2372400000000017,73.91,True
382,CHEMBL211543, CC1=CC(O)=CC(C)=C1C[C@H](N)C(=O)N[C@H]1CC2=C(CN(CC3=NC4=CC=CC=C4N3)C1=O)C=CC=C2,<rdkit.Chem.rdchem.Mol object at 0x12c91d2a0>,<rdkit.DataStructs.cDataStructs.ExplicitBitVect object at 0x12c94c9e0>,0.47368421052631576,<rdkit.DataStructs.cDataStructs.ExplicitBitVect object at 0x12df7cf90>,0.11428571428571428,0.5208406849616879,497.24268985200007,5,4,3.0250399999999997,124.33999999999997,True
384,CHEMBL260127, CC1=CC(O)=CC(C)=C1C[C@H](N)C(=O)N1CC2=C(C[C@H]1C(=O)NCC1CC3=C(C1)C=CC=C3)C=CC=C2,<rdkit.Chem.rdchem.Mol object at 0x12c91d380>,<rdkit.DataStructs.cDataStructs.ExplicitBitVect object at 0x12c94cac0>,0.4777777777777778,<rdkit.DataStructs.cDataStructs.ExplicitBitVect object at 0x12df7d150>,0.11702127659574468,0.533980789076911,497.26784198,4,3,3.3635400000000013,95.66,True
385,CHEMBL484216, CC(COC1=C2C=CC(C)=NC2=CC=C1)N1CCC(CC2=CC3=C(OCC(=O)N3)C=C2)CC1,<rdkit.Chem.rdchem.Mol object at 0x12c91d3f0>,<rdkit.DataStructs.cDataStructs.ExplicitBitVect object at 0x12c94cb30>,0.5,<rdkit.DataStructs.cDataStructs.ExplicitBitVect object at 0x12df7d230>,0.09259259259259259,0.5722276916225562,445.23654185199996,5,1,4.596120000000004,63.690000000000005,True
390,CHEMBL149611, CC(C)C[C@@H](CN1CCC(C)(C(C)C1)C1=CC(O)=CC=C1)NC(=O)CCC1=CC=C(O)C=C1,<rdkit.Chem.rdchem.Mol object at 0x12c91d620>,<rdkit.DataStructs.cDataStructs.ExplicitBitVect object at 0x12c94cd60>,0.46236559139784944,<rdkit.DataStructs.cDataStructs.ExplicitBitVect object at 0x12df7d690>,0.10891089108910891,0.4819267929474497,452.30389313999996,4,3,4.861000000000005,72.8,True
391,CHEMBL396636, CC(C)CCCN1CCCC2=CC(OC3=NC=C(C=C3)C(N)=O)=CC=C2C1,<rdkit.Chem.rdchem.Mol object at 0x12c91d690>,<rdkit.DataStructs.cDataStructs.ExplicitBitVect object at 0x12c94cdd0>,0.46153846153846156,<rdkit.DataStructs.cDataStructs.ExplicitBitVect object at 0x12df7d770>,0.14893617021276595,0.5781820418539192,367.225977168,4,1,4.157200000000003,68.44999999999999,True
392,CHEMBL1809264, CC(C)CC1=NC2=CC=C(OCC(N)=O)C=C2C(C2=CC=CC(C)=C2)=C1CN,<rdkit.Chem.rdchem.Mol object at 0x12c91d700>,<rdkit.DataStructs.cDataStructs.ExplicitBitVect object at 0x12c94ce40>,0.40860215053763443,<rdkit.DataStructs.cDataStructs.ExplicitBitVect object at 0x12df7d850>,0.08163265306122448,0.40149440088115673,377.21032710400004,4,2,3.7315200000000015,91.23,True
395,CHEMBL1914857, CC(=O)NCCC1=CC=C(C=C1)C(=O)CCCN1CCC(CC1)C1=CC=C(Cl)C=C1,<rdkit.Chem.rdchem.Mol object at 0x12c91d850>,<rdkit.DataStructs.cDataStructs.ExplicitBitVect object at 0x12c94cf90>,0.37362637362637363,<rdkit.DataStructs.cDataStructs.ExplicitBitVect object at 0x12df7daf0>,0.14606741573033707,0.4620842820310474,426.207405912,3,1,4.861100000000005,49.410000000000004,True
399,CHEMBL401915, CC(=O)N1C2CCCC1C=C(CN1CCC(CC1)NC(=O)NC1=CC=CC(=C1)C(C)=O)C2,<rdkit.Chem.rdchem.Mol object at 0x12c91da10>,<rdkit.DataStructs.cDataStructs.ExplicitBitVect object at 0x12c94d150>,0.425531914893617,<rdkit.DataStructs.cDataStructs.ExplicitBitVect object at 0x12df7de70>,0.10101010101010101,0.44485134077158495,438.26309094799996,4,2,3.5748000000000015,81.75,True
400,CHEMBL175, CC(C)Cc1ccc([C@H](C)C(=O)O)cc1,<rdkit.Chem.rdchem.Mol object at 0x12c91da80>,<rdkit.DataStructs.cDataStructs.ExplicitBitVect object at 0x12c94d1c0>,0.11904761904761904,<rdkit.DataStructs.cDataStructs.ExplicitBitVect object at 0x12df7df50>,0.07042253521126761,0.3817479552874611,206.130679816,1,1,3.073200000000001,37.3,True
401,CHEMBL192965, CC(C)Cc1ccc([C@@H](C)C(=O)N[C@H](C)C(=O)O)cc1,<rdkit.Chem.rdchem.Mol object at 0x12c91daf0>,<rdkit.DataStructs.cDataStructs.ExplicitBitVect object at 0x12c94d230>,0.20454545454545456,<rdkit.DataStructs.cDataStructs.ExplicitBitVect object at 0x12df7e030>,0.09210526315789473,0.4993213543743771,277.167793596,2,2,2.5779000000000005,66.4,True
402,CHEMBL192965, CC(C)Cc1ccc([C@@H](C)C(=O)N[C@H](C)C(=O)O)cc1,<rdkit.Chem.rdchem.Mol object at 0x12c91db60>,<rdkit.DataStructs.cDataStructs.ExplicitBitVect object at 0x12c94d2a0>,0.20454545454545456,<rdkit.DataStructs.cDataStructs.ExplicitBitVect object at 0x12df7e110>,0.09210526315789473,0.46518345831599023,277.167793596,2,2,2.5779000000000005,66.4,True
403,CHEMBL1083496, CCNC1CN(C)S(=O)(=O)c2sc(S(N)(=O)=O)cc21,<rdkit.Chem.rdchem.Mol object at 0x12c91dbd0>,<rdkit.DataStructs.cDataStructs.ExplicitBitVect object at 0x12c94d310>,0.8734177215189873,<rdkit.DataStructs.cDataStructs.ExplicitBitVect object at 0x12df7e1f0>,0.6909090909090909,0.39446579943333854,325.02246895999997,6,2,-0.31979999999999825,109.57,True
404,CHEMBL9688, CCN[C@H]1C[C@H](CC)S(=O)(=O)c2sc(S(N)(=O)=O)cc21,<rdkit.Chem.rdchem.Mol object at 0x12c91dc40>,<rdkit.DataStructs.cDataStructs.ExplicitBitVect object at 0x12c94d380>,0.7974683544303798,<rdkit.DataStructs.cDataStructs.ExplicitBitVect object at 0x12df7e2d0>,0.5245901639344263,0.2521258689697144,338.04287005599997,6,2,1.0020999999999998,106.32999999999998,True
405,CHEMBL3415384, CCN[C@H]1CN(CCCO)S(=O)(=O)c2sc(S(N)(=O)=O)cc21,<rdkit.Chem.rdchem.Mol object at 0x12c91dcb0>,<rdkit.DataStructs.cDataStructs.ExplicitBitVect object at 0x12c94d3f0>,0.9135802469135802,<rdkit.DataStructs.cDataStructs.ExplicitBitVect object at 0x12df7e3b0>,0.7857142857142857,0.13755808418932264,369.048683708,7,3,-0.5671999999999988,129.79999999999998,True
406,CHEMBL545239, CCNC1CCS(=O)(=O)c2sc(S(N)(=O)=O)cc21.Cl,<rdkit.Chem.rdchem.Mol object at 0x12c91dd20>,<rdkit.DataStructs.cDataStructs.ExplicitBitVect object at 0x12c94d460>,0.7710843373493976,<rdkit.DataStructs.cDataStructs.ExplicitBitVect object at 0x12df7e490>,0.5423728813559322,,345.98824764,6,2,0.6453000000000004,106.32999999999998,True
408,CHEMBL218490, CCN[C@H]1C[C@H](C)S(=O)(=O)c2sc(S(N)(=O)=O)cc21,<rdkit.Chem.rdchem.Mol object at 0x12c91de00>,<rdkit.DataStructs.cDataStructs.ExplicitBitVect object at 0x12c94d540>,0.7848101265822784,<rdkit.DataStructs.cDataStructs.ExplicitBitVect object at 0x12df7e650>,0.5423728813559322,0.46080116718919595,324.02721999199997,6,2,0.612,106.32999999999998,True
409,CHEMBL2092885, CCN[C@@H]1CCS(=O)(=O)c2sc(S(N)(=O)=O)cc21.Cl,<rdkit.Chem.rdchem.Mol object at 0x12c91de70>,<rdkit.DataStructs.cDataStructs.ExplicitBitVect object at 0x12c94d5b0>,0.7710843373493976,<rdkit.DataStructs.cDataStructs.ExplicitBitVect object at 0x12df7e730>,0.5423728813559322,,345.98824764,6,2,0.6453000000000004,106.32999999999998,True
410,CHEMBL1907940, CCN[C@H]1CC(CCCOC)S(=O)(=O)c2sc(S(N)(=O)=O)cc21,<rdkit.Chem.rdchem.Mol object at 0x12c91dee0>,<rdkit.DataStructs.cDataStructs.ExplicitBitVect object at 0x12c94d620>,0.9367088607594937,<rdkit.DataStructs.cDataStructs.ExplicitBitVect object at 0x12df7e810>,0.639344262295082,0.5030147315776393,382.069084804,7,2,1.0187000000000006,115.56,True
411,CHEMBL1201162, CCN[C@H]1C[C@H](C)S(=O)(=O)c2sc(S(N)(=O)=O)cc21.Cl,<rdkit.Chem.rdchem.Mol object at 0x12c91df50>,<rdkit.DataStructs.cDataStructs.ExplicitBitVect object at 0x12c94d690>,0.7560975609756098,<rdkit.DataStructs.cDataStructs.ExplicitBitVect object at 0x12df7e8f0>,0.5333333333333333,,360.003897704,6,2,1.0337999999999998,106.32999999999998,True
